1,AARTIPHARM,INE0LRU01027,654.7,20
2,DEEPAKNTR,INE288B01029,2572.9,20
3,TVSSCS,INE395N01027,184.1,20
4,RELINFRA,INE036A01016,262.85,100
5,NFL,INE870D01012,113.96,21.9
6,MARUTI,INE585B01010,11143.1,9
7,RAJESHEXPO,INE343B01030,246.85,20
8,BLUESTARCO,INE472A01039,1761.2,20
9,SGBJAN29IX,IN0020200377,8019.64,10
10,ITI,INE248A01017,295.03,24.14
11,BECTORFOOD,INE495P01012,1604.3,20
12,SGBMAR25,IN0020160126,7921,10
13,INDIAGLYCO,INE560A01015,1150.9,20
14,PGEL,INE457L01029,649.25,22.59
15,PREMIERENE,INE0BS701011,1028.65,20
16,SGBSEP27,IN0020190115,7980,10
17,SGBNOV25VI,IN0020170083,8000,10
18,RECLTD,INE020B01018,514.5,20
19,SGBAUG27,IN0020190107,8100,10
20,SGBMAY26,IN0020180033,7960,10
21,FLUOROCHEM,INE09N301011,4151.5,20
22,GSEC10IETF,INF109KC18O0,240.5,80
23,CHEMPLASTS,INE488A01050,481.55,20
24,PAGEIND,INE761H01022,47107.2,20
25,EICHERMOT,INE066A01021,4738.2,9.71
26,GUJALKALI,INE186A01019,793,20
27,NMDC,INE584A01023,224.76,20
28,KIRLOSENG,INE146L01010,1137.7,20
29,MOIL,INE490G01020,310.45,20
30,ANANTRAJ,INE242C01024,730.05,20
31,LMW,INE269B01029,15575.55,20
32,TIINDIA,INE974X01010,3561.8,20
33,STANLEY,INE01A001028,468.95,20
34,CHAMBLFERT,INE085A01013,483.95,20
35,SGBNOV25,IN0020170091,8099,10
36,RCF,INE027A01015,159.56,21.25
37,NCC,INE868B01028,296.2,20
38,IREDA,INE202E01016,194.49,21.45
39,STOVEKRAFT,INE00IN01015,767.3,20
40,VENUSPIPES,INE0JA001018,1887.85,20
41,TITAN,INE280A01028,3198.45,9
42,BASF,INE373A01013,6702.75,20
43,NIFTYIETF,INF109K012R6,265.8,6
44,HDFCBANK,INE040A01034,1718.2,9
45,HINDALCO,INE038A01020,651.65,13.09
46,LIQUIDBEES,INF732E01037,1000,5
47,POWERINDIA,INE07Y701011,12952.8,20
48,TATACONSUM,INE192A01025,967.55,9.37
49,SUBEXLTD,INE754A01055,23.71,20.44
50,SGBMAR30X,IN0020210319,8114,10
51,TANLA,INE483C01032,749.2,20
52,TORNTPHARM,INE685A01028,3151.05,20
53,YESBANK,INE528G01035,19.75,20
54,COLPAL,INE259A01022,2789.3,20
55,NRBBEARING,INE349A01021,283.95,20
56,ROSSARI,INE02A801020,810.1,20
57,SGBJUN30,IN0020220045,8094.31,10
58,SHRIRAMPPS,INE217L01019,103.5,20.32
59,SGBOCT25IV,IN0020170067,8090,10
60,DMART,INE192R01011,3777,20
61,SULA,INE142Q01026,416.2,20
62,ABSLLIQUID,INF209KB18T9,1000,5
63,INDUSTOWER,INE121J01017,321,20
64,RICOAUTO,INE209B01025,89.14,21.19
65,UCOBANK,INE691A01018,43.87,20
66,DOMS,INE321T01012,2679.55,20
67,AADHARHFC,INE883F01010,428.95,20
68,JUNIORBEES,INF732E01045,730.85,6.31
69,KFINTECH,INE138Y01010,1020.25,20
70,FORTIS,INE061F01013,643.2,20
71,BERGEPAINT,INE463A01038,496.15,20
72,OIL,INE274J01014,496.65,20
73,ITC,INE154A01025,472.85,9
74,LICNETFGSC,INF767K01MV5,26.42,80
75,EMAMILTD,INE548C01032,691,20
76,EBBETF0431,INF754K01LE1,1279.28,20
77,IMFA,INE919H01018,760.65,20
78,DRREDDY,INE089A01031,1263.9,9
79,3MINDIA,INE470A01017,34898.85,20
80,CONFIPET,INE552D01024,75.23,20
81,GUJGASLTD,INE844O01030,503.05,20
82,SETF10GILT,INF200KA1JT1,240.25,80
83,WHIRLPOOL,INE716A01013,1794.5,20
84,SOTL,INE035D01020,511.15,20
85,LTF,INE498L01015,138.57,20
86,ADVENZYMES,INE837H01020,401.45,20
87,VTL,INE825A01020,484.35,20
88,ICICIB22,INF109KB15Y7,111.39,20
89,JYOTHYLAB,INE668F01031,441.35,20
90,INDIANB,INE562A01011,564,20
91,MANKIND,INE634S01028,2622.1,20
92,SARDAEN,INE385C01021,446.25,20.03
93,LAOPALA,INE059D01020,330.95,20
94,GMDCLTD,INE131A01031,344.75,21.04
95,ASTRAL,INE006I01046,1742.65,20
96,SONACOMS,INE073K01018,684.05,20
97,HAVELLS,INE176B01034,1603.4,20
98,INTELLECT,INE306R01017,731.7,20
99,SAFARI,INE429E01023,2317.55,20
100,PFIZER,INE182A01018,5285.3,20
101,MCX,INE745G01035,6104.35,20
102,ARVIND,INE034A01011,347.2,20
103,NORTHARC,INE850M01015,242.35,20
104,DCBBANK,INE503A01015,118.58,20
105,RRKABEL,INE777K01022,1506.7,20
106,JSWINFRA,INE880J01026,303.2,20
107,BIOCON,INE376G01013,347.5,20
108,BIRLACORPN,INE340A01012,1103.65,20
109,PIIND,INE603J01030,4548.9,20
110,INDUSINDBK,INE095A01012,1059.55,13.95
111,TATAPOWER,INE245A01021,414.15,20
112,FILATEX,INE816B01035,66.5,20
113,BRITANNIA,INE216A01030,5027.55,9
114,MSTCLTD,INE255X01014,595.7,22.18
115,IOLCP,INE485C01011,385.8,20
116,SGBNOV258,IN0020170109,8250,10
117,SGBOCT27VI,IN0020190388,8130,10
118,BPCL,INE029A01011,309.8,13.14
119,SGBDE30III,IN0020220110,8205.1,10
120,ABB,INE117A01022,6964.25,20
121,APTUS,INE852O01025,327.45,20
122,GOLDBEES,INF204KB17I5,62.84,20
123,CEATLTD,INE482A01020,2771.45,20
124,NSLNISP,INE0NNS01018,46.15,20
125,SGBOCT25V,IN0020170075,8040,10
126,MRF,INE883A01011,120924.15,20
127,SGBJUN28,IN0020200104,7999.99,10
128,SYNGENE,INE398R01022,889.3,20
129,INOXINDIA,INE616N01034,1211.05,20
130,ACC,INE012A01025,2263.9,20
131,GRINDWELL,INE536A01023,2120.2,20
132,SHREECEM,INE070A01015,24372.8,20
133,ITIETF,INF109KC16I6,45.83,20
134,PHARMABEES,INF204KC1089,22.63,20
135,CLEAN,INE227W01023,1361.2,20
136,KROSS,INE0O6601022,190.39,20
137,HCLTECH,INE860A01027,1872.85,9
138,JUBLPHARMA,INE700A01033,1190.3,20
139,TIMKEN,INE325A01013,3345.85,20
140,SGBMAR28X,IN0020190552,8102.86,10
141,SGBSEP31II,IN0020230093,8266.68,10
142,IIFL,INE530B01024,433.1,21.23
143,SBFC,INE423Y01016,83.62,20
144,ARE&M,INE885A01032,1269.65,20
145,ADANIENSOL,INE931S01010,924.05,22.55
146,KAYNES,INE918Z01012,5728.85,20.04
147,STARCEMENT,INE460H01021,189.27,20
148,SGBJUL25,IN0020170034,7881.4,10
149,ANDHRAPAP,INE435A01051,95.18,20
150,TI,INE133E01013,341.25,20.04
151,EXIDEIND,INE302A01020,431.8,20
152,ABREL,INE055A01016,2709.15,20
153,THERMAX,INE152A01029,5111.7,20
154,NEXT50IETF,INF109KC1NS5,71.36,6.61
155,GOKEX,INE887G01027,853.9,20
156,GILLETTE,INE322A01010,9411.25,20
157,DHAMPURSUG,INE041A01016,187.65,20
158,MOTILALOFS,INE338I01027,969,21.28
159,ZAGGLE,INE07K301024,428.95,100
160,SGBOCT27,IN0020190370,7912.05,10
161,VEEDOL,INE484C01030,1853.4,20
162,JSWSTEEL,INE019A01038,957.25,10.62
163,TDPOWERSYS,INE419M01027,412.4,20
164,BAJAJHLDNG,INE118A01012,10794.15,20
165,TTML,INE517B01013,69.53,20.16
166,IDEAFORGE,INE349Y01013,602.6,20
167,M&MFIN,INE774D01024,265.4,20
168,MOM30IETF,INF109KC17C7,34.34,7.27
169,KNRCON,INE634I01029,284.3,20
170,NAVKARCORP,INE278M01019,132.55,24.71
171,HATHWAY,INE982F01036,18.73,20
172,RAIN,INE855B01025,153.44,20
173,DISHTV,INE836F01026,12.17,20.63
174,IRFC,INE053F01010,145.32,20.74
175,WIPRO,INE075A01022,570.65,10.7
176,JTLIND,INE391J01024,191.98,20
177,TATATECH,INE142M01025,993.3,20
178,ATUL,INE100A01010,7423.25,20
179,GMRINFRA,INE776C01039,78.22,20
180,NEWGEN,INE619B01017,1269.3,20
181,NIACL,INE470Y01017,181.07,22.31
182,INTERARCH,INE00M901018,1581.3,20
183,DIVISLAB,INE361B01024,5810.7,20
184,ASTERDM,INE914M01019,438.3,20
185,SENCO,INE602W01019,1099.8,20
186,SHARDACROP,INE221J01015,809.7,20
187,SGBAPR28I,IN0020200062,8013.41,10
188,ABSLAMC,INE404A01024,796.2,20
189,AARTIDRUGS,INE767A01016,476.05,20
190,BANKBEES,INF204KB15I9,526.03,20
191,SGBAUG29V,IN0020210129,8223,10
192,ABDL,INE552Z01027,316.35,20
193,TRENT,INE849A01020,6528.55,14.09
194,EBBETF0430,INF754K01KO2,1428.68,20
195,MFSL,INE180A01020,1223.3,20
196,GLS,INE03Q201024,1099.25,20
197,BANSALWIRE,INE0B9K01025,425.3,20
198,FINCABLES,INE235A01022,1144.05,20
199,PVRINOX,INE191H01014,1478.6,20
200,TATACHEM,INE092A01019,1072.35,20
201,KAJARIACER,INE217B01036,1170.55,20
202,SILVERBEES,INF204KC1402,85.86,20
203,APLLTD,INE901L01018,1034.25,20
204,CAPLIPOINT,INE475E01026,2010.9,20
205,SGBNV29VII,IN0020210178,8019.28,10
206,POLYCAB,INE455K01017,6502.75,20
207,BSOFT,INE836A01035,564.55,20
208,AJANTPHARM,INE031B01049,2838.05,20
209,PVTBANIETF,INF109KC18U7,25.16,20
210,ACI,INE128X01021,687.85,20
211,HONAUT,INE671A01010,43231.55,20
212,SIEMENS,INE003A01024,6799.45,20
213,HAL,INE066F01020,4243.5,20
214,MAZDOCK,INE249Z01012,4052.75,25.55
215,HINDCOPPER,INE531E01026,269.45,20.5
216,TRIDENT,INE064C01022,32.7,20
217,SGBJUN29II,IN0020210061,8007.01,10
218,AUBANK,INE949L01017,579.25,20
219,MOREPENLAB,INE083A01026,79.81,21.57
220,UPL,INE628A01036,527.75,20
221,SGBJUL27,IN0020190081,7903.01,10
222,MARKSANS,INE750C01026,300.5,20.81
223,SANSTAR,INE08NE01025,116.14,20
224,SAREGAMA,INE979A01025,473.1,20
225,HCC,INE549A01026,37.11,25.61
226,POLICYBZR,INE417T01026,1685.1,20
227,CENTURYPLY,INE348B01021,798.3,20
228,HDFCLIFE,INE795G01014,700,9.67
229,BAJAJELEC,INE193E01025,835.2,20
230,ECLERX,INE738I01010,3321.7,20
231,HIKAL,INE475B01022,384.65,20
232,NAUKRI,INE663F01024,7821.3,20
233,APARINDS,INE372A01015,8958.15,20
234,TRITURBINE,INE152M01016,647.95,20
235,SOUTHBANK,INE683A01023,23.31,20
236,ALPHA,INF174KA1IA5,52.5,7.59
237,HOMEFIRST,INE481N01025,1048.15,20
238,PNGJL,INE953R01016,707,20
239,LTFOODS,INE818H01020,358.25,20
240,PEL,INE140A01024,1023.15,20
241,GMMPFAUDLR,INE541A01023,1257.65,20
242,AEROFLEX,INE024001021,181.94,20
243,SUMICHEM,INE258G01013,528.55,20
244,EMCURE,INE168P01015,1405.85,20
245,APLAPOLLO,INE702C01027,1525.7,20
246,GOODLUCK,INE127I01024,1006.45,20
247,KTKBANK,INE614B01018,211.51,20
248,ORIENTCEM,INE876N01018,337.9,20
249,POLYPLEX,INE633B01018,1249.65,20
250,KOPRAN,INE082A01010,293.1,20.86
251,FEDFINA,INE007N01010,100.84,20
252,BOMDYEING,INE032A01023,213.64,21.02
253,GIPCL,INE162A01010,201.77,20
254,SGBJUL28IV,IN0020200146,7978.12,10
255,TRIVENI,INE256C01024,391.2,20
256,PSPPROJECT,INE488V01015,624.05,20
257,SGBOCT25,IN0020170059,7900,10
258,MASTEK,INE759A01021,3025.6,20
259,CARTRADE,INE290S01011,1183.55,20
260,LODHA,INE670K01029,1240.95,20
261,RADICO,INE944F01028,2296.1,20
262,PERSISTENT,INE262H01021,5680.15,20
263,RTNINDIA,INE834M01019,67.91,21.24
264,GALAXYSURF,INE600K01018,2873.15,20
265,SGBD29VIII,IN0020210228,8090,10
266,GODIGIT,INE03JT01014,331.35,20
267,SMALLCAP,INF769K01LC3,49.32,6.34
268,HBLPOWER,INE292B01021,556.85,20.96
269,NATCOPHARM,INE987B01026,1390.85,20
270,BANDHANBNK,INE545U01014,172.59,20
271,SGBAUG28V,IN0020200161,8007.97,10
272,MGL,INE002S01010,1370.2,20
273,MAHABANK,INE457A01014,52.51,20
274,GODREJIND,INE233A01035,953.95,20
275,SHRIRAMFIN,INE721A01013,2931.2,13.9
276,FEDERALBNK,INE171A01029,207.27,20
277,LLOYDSENGG,INE093R01011,72.28,24.24
278,BFUTILITIE,INE243D01012,942.3,100
279,SGBMAY25,IN0020170018,7855.1,10
280,BHARTIHEXA,INE343G01021,1374.7,20
281,HDFCSILVER,INF179KC1DI2,86.23,20
282,ALKYLAMINE,INE150B01039,1990.75,20
283,PETRONET,INE347G01014,322.7,20
284,ESCORTS,INE042A01014,3559.45,20
285,FCL,INE045J01026,372.4,20
286,BORORENEW,INE666D01022,470.15,20
287,SETFNIF50,INF200KA1FS1,253.05,6
288,SGBN28VIII,IN0020200286,8035.26,10
289,GREENPANEL,INE08ZM01014,353.6,20
290,LIQUIDBETF,INF0QA701854,1000,5
291,NOCIL,INE163A01018,267.35,20
292,CGPOWER,INE067A01029,712.7,20
293,ACLGATI,INE152B01027,96.45,20
294,PRAKASH,INE603A01013,174.36,21.27
295,CHOLAFIN,INE121A01024,1239.75,20
296,SHARDAMOTR,INE597I01028,2074.95,20
297,SEQUENT,INE807F01027,206.24,100
298,M&M,INE101A01026,2898.55,12.04
299,UNOMINDA,INE405E01023,1002.6,20
300,JWL,INE209L01016,457.05,23.06
301,AWL,INE699H01024,333.5,20
302,MMTC,INE123F01029,79.42,23.98
303,ELGIEQUIP,INE285A01027,602.5,20
304,MID150BEES,INF204KB1V68,211.48,6.16
305,PGHH,INE179A01014,15648.9,20
306,SANSERA,INE953O01021,1479.05,20
307,TVSMOTOR,INE494B01023,2440.3,20
308,PNCINFRA,INE195J01029,317.95,20
309,SDBL,INE480C01038,107.47,20
310,GAEL,INE036B01030,127.19,20
311,SRF,INE647A01010,2253.05,20
312,CHALET,INE427F01016,858.6,20
313,BANKINDIA,INE084A01016,108.69,20
314,ZYDUSLIFE,INE010B01027,949.75,20
315,GABRIEL,INE524A01029,434.4,20
316,CANBK,INE476A01022,101.5,20
317,KARURVYSYA,INE036D01028,222.35,20
318,ADANIENT,INE423A01024,2870,19.26
319,GODFRYPHLP,INE260B01028,6583.7,23.27
320,SOBHA,INE671H01015,1597.3,20
321,PGHL,INE199A01012,5398.35,20
322,CDSL,INE736A01011,1521.9,20
323,MUTHOOTFIN,INE414G01012,1792.7,20
324,MAHLIFE,INE813A01018,489.5,20
325,JKTYRE,INE573A01042,372.4,20
326,UBL,INE686F01025,1882.45,20
327,TIPSMUSIC,INE716B01029,886.1,20
328,WESTLIFE,INE274F01020,747.05,20
329,COFORGE,INE591G01017,8099.25,20
330,AAVAS,INE216P01012,1654.55,20
331,ENGINERSIN,INE510A01028,187.24,21.31
332,KELLTONTEC,INE164B01022,145.02,22.62
333,AFFLE,INE00WC01027,1567.65,20
334,VAIBHAVGBL,INE884A01027,276.4,20
335,WSTCSTPAPR,INE976A01021,535.15,20
336,KPRMILL,INE930H01031,929.4,20
337,LIQUIDSHRI,INF680P01422,1022.16,5
338,CYIENTDLM,INE055S01018,633,20
339,MHRIL,INE998I01010,359.65,20
340,ONGC,INE213A01029,256.15,13.85
341,GODREJCP,INE102D01028,1176.2,20
342,ANGELONE,INE732I01013,2739.8,21.56
343,MOGSEC,INF247L01AK4,57.9,80
344,HEROMOTOCO,INE158A01026,4724.2,10.01
345,IONEXCHANG,INE570A01022,638.1,20
346,GODREJPROP,INE484J01027,2645.1,20
347,RBA,INE07T201019,88,20
348,EVEREADY,INE128A01029,380.3,20
349,IGL,INE203G01027,427.3,20
350,GICRE,INE481Y01014,366.3,20
351,APOLLOHOSP,INE437A01024,7019.55,9.29
352,KEC,INE389H01022,1002.65,20
353,SAIL,INE114A01011,114.17,20
354,SPIC,INE147A01011,76.86,20
355,MASFIN,INE348L01012,299.05,20
356,LICHSGFIN,INE115A01026,616.95,20
357,INDIGO,INE646L01027,3912.9,20
358,TATASTEEL,INE081A01020,144.17,11.66
359,SGBMAY29I,IN0020210053,8000.09,10
360,IDBI,INE008A01015,79.89,20
361,SGBJAN26,IN0020170166,8000,10
362,ZENSARTECH,INE520A01027,725.8,20
363,FIEMIND,INE737H01014,1545.4,20
364,MEDPLUS,INE804L01022,675.25,20
365,CARYSIL,INE482D01024,781.45,20
366,YATHARTH,INE0JO301016,613,20
367,SHK,INE500L01026,290,20.22
368,NUVOCO,INE118D01016,341.45,20
369,CUB,INE491A01021,174.14,20
370,FIVESTAR,INE128S01021,638.65,20
371,UTKARSHBNK,INE735W01017,37.83,20
372,RVNL,INE415G01027,437.7,25.1
373,SATIN,INE836B01017,149.95,20
374,BAJAJFINSV,INE918I01026,1691.75,9.46
375,NEULANDLAB,INE794A01010,15329.5,24.2
376,BEML,INE258A01016,3950.45,22.3
377,GPPL,INE517F01014,179.28,20
378,SUNDARMFIN,INE660A01013,4287.6,20
379,EBBETF0425,INF754K01LD3,1252.04,20
380,RBLBANK,INE976G01028,159.68,20
381,OLECTRA,INE260D01016,1510.25,20
382,HONASA,INE0J5401028,374.15,20
383,MINDACORP,INE842C01021,494.45,20
384,VINATIORGA,INE410B01037,1834.8,20
385,RELIANCE,INE002A01018,1274.25,9
386,IMAGICAA,INE172N01012,73.99,21.22
387,ANURAS,INE930P01018,729.35,20
388,AHLUCONT,INE758C01029,1021.8,20
389,SIGNATURE,INE903U01023,1302.2,20
390,DEEPAKFERT,INE501A01019,1301.9,20
391,HAPPSTMNDS,INE419U01012,757.1,20
392,UNIPARTS,INE244O01017,433.9,20
393,SFL,INE916U01025,837.5,20
394,WELSPUNLIV,INE192B01031,154.63,20
395,SUVENPHAR,INE03QK01018,1204.55,20
396,KOTAKBANK,INE237A01028,1721.4,9
397,INFY,INE009A01021,1868.8,9.14
398,UNIECOM,INE00U401027,193.44,20
399,LIQUID,INF769K01KS1,999.99,5
400,WCIL,INE0CJF01024,126.76,20
401,SHAREINDIA,INE932X01026,278.1,20
402,VARROC,INE665L01035,540.05,20
403,KANSAINER,INE531A01024,267.2,20
404,SBIN,INE062A01020,826.7,11.05
405,ENTERO,INE010601016,1451.95,20
406,DELTACORP,INE124G01033,121.4,20
407,LINDEINDIA,INE473A01011,6988,20
408,CAMLINFINE,INE052I01032,111.7,20
409,PRESTIGE,INE811K01011,1592.6,20
410,GRASIM,INE047A01021,2521.2,9.16
411,NHPC,INE848E01016,80.79,20
412,SHILPAMED,INE790G01031,875.55,20
413,TECHM,INE669C01036,1687,10.26
414,SGBDEC2513,IN0020170158,8250,10
415,REDINGTON,INE891D01026,189.92,20
416,ALKEM,INE540L01014,5503.4,20
417,NTPC,INE733E01010,380.3,11.89
418,JIOFIN,INE758E01017,310.25,20
419,PIDILITIND,INE318A01026,3040.3,20
420,RENUKA,INE087H01022,40.75,20
421,GANECOS,INE845D01014,2287.45,20
422,LICI,INE0J1Y01017,921.15,20
423,PPLPHARMA,INE0DK501011,250.6,20
424,JINDALSAW,INE324A01032,302.85,20
425,JBCHEPHARM,INE572A01036,1779.55,20
426,UNITDSPR,INE854D01024,1446.8,20
427,SGBNOV26,IN0020180314,7995,10
428,SGBSEP28VI,IN0020200195,7981.27,10
429,RELAXO,INE131B01039,699.3,20
430,SGBDEC25,IN0020170125,8106,10
431,JAMNAAUTO,INE039C01032,106.4,20
432,MANGLMCEM,INE347A01017,838.65,20
433,BAJAJHFL,INE377Y01014,130.91,20
434,CMSINFO,INE925R01014,506.4,20
435,MUTHOOTMF,INE046W01019,198.18,20
436,ARVINDFASN,INE955V01021,570.55,20
437,SBICARD,INE018E01016,679.25,20
438,TEGA,INE011K01018,2108.6,20
439,LOWVOLIETF,INF109KC19U5,21.06,6.86
440,PHOENIXLTD,INE211B01039,1493.05,20
441,AUROPHARMA,INE406A01037,1267.4,20
442,CERA,INE739E01017,7065.9,20
443,VPRPL,INE0AE001013,277.05,20.32
444,GATEWAY,INE079J01017,86.23,20
445,SUPRAJIT,INE399C01030,485.55,20
446,ORIENTPPR,INE592A01026,38.09,20
447,TBOTEK,INE673O01025,1677.15,20
448,AVANTEL,INE005B01027,155.71,20
449,HINDUNILVR,INE030A01027,2461.5,9
450,LUPIN,INE326A01037,2090.1,20
451,TIRUMALCHM,INE338A01024,318.25,20
452,ITBEES,INF204KB15V2,45.82,20
453,ALPL30IETF,INF109KC17V7,28.43,6
454,VRLLOG,INE366I01010,544.3,20
455,SETFGOLD,INF200KA16D8,64.75,20
456,MIDCAPETF,INF769K01IC9,20.82,6.31
457,SUDARSCHEM,INE659A01023,983.35,20
458,KSB,INE999A01023,825.55,20
459,LAURUSLABS,INE947Q01028,489.55,20
460,SUPREMEIND,INE195A01028,4614.55,20
461,LTIM,INE214T01019,6005.05,20
462,SYMPHONY,INE225D01027,1472.5,20
463,SGBOCT26,IN0020180249,7832.03,10
464,HINDOILEXP,INE345A01011,195.85,20
465,MON100,INF247L01AP3,174.86,6.9
466,VIPIND,INE054A01027,471.55,20
467,SUPRIYA,INE07RO01027,637.85,20
468,PTC,INE877F01012,171.38,20
469,HDFCAMC,INE127D01025,4397.5,20
470,JUSTDIAL,INE599M01018,1101.7,20
471,GOLD1,INF174KA1HJ8,63.35,20
472,ACE,INE731H01025,1301.75,20.46
473,SGBJ28VIII,IN0020190537,8440,10
474,LIQUIDETF,INF740KA1EU7,1000,5
475,UJJIVANSFB,INE551W01018,35.4,20
476,KALYANKJIL,INE303R01014,704.3,20
477,SYRMA,INE0DYJ01015,537.8,20
478,SPANDANA,INE572J01011,369.85,20
479,BALRAMCHIN,INE119A01028,566.95,20
480,PATELENG,INE244B01030,49,21.24
481,TATAELXSI,INE670A01012,6635.5,20
482,SGBMAR31IV,IN0020220169,8131.92,10
483,DBL,INE917M01012,495.1,20
484,SGBJAN30IX,IN0020210236,8120,10
485,PNBHOUSING,INE572E01012,983.15,20
486,PSUBNKBEES,INF204KB16I7,75.05,20
487,ADANIPORTS,INE742F01042,1326,16.25
488,HINDZINC,INE267A01025,500.7,20
489,ORCHPHARMA,INE191A01027,1481.7,20
490,NYKAA,INE388Y01029,177.81,20
491,JISLJALEQS,INE175A01038,67.43,22.78
492,J&KBANK,INE168A01041,99.59,20
493,SGBSEP29VI,IN0020210145,8004.21,10
494,PSB,INE608A01012,50.57,20.44
495,KIMS,INE967H01025,554.55,20
496,VIJAYA,INE043W01024,1069.75,20
497,BANCOINDIA,INE213C01025,735.05,20
498,METROPOLIS,INE112L01020,2174.3,20
499,TTKPRESTIG,INE690A01028,853.55,20
500,HGINFRA,INE926X01010,1221.25,20
501,PCBL,INE602A01031,404.45,20
502,TATACOMM,INE151A01013,1759.65,20
503,PITTIENG,INE450D01021,1298.35,20
504,GROWWLIQID,INF666M01IP5,100.91,5
505,ATGL,INE399L01023,701.2,20.43
506,DATAPATTNS,INE0IX101010,2260.6,20.36
507,RAINBOW,INE961O01016,1624.45,20
508,TEXRAIL,INE621L01012,207.53,22.59
509,SUNDRMFAST,INE387A01021,1226.1,20
510,ASHOKLEY,INE208A01029,221.12,20
511,AMBER,INE371P01015,6135.35,20
512,VESUVIUS,INE386A01015,5439.45,20
513,GSPL,INE246F01010,372.15,20
514,SGBDC27VII,IN0020190461,8200,10
515,TATAMOTORS,INE155A01022,784.85,11.89
516,SGBNOV25IX,IN0020170117,8200,10
517,ASKAUTOLTD,INE491J01022,423.5,20
518,FORCEMOT,INE451A01017,6944.9,23.42
519,BATAINDIA,INE176A01028,1334.9,20
520,INFIBEAM,INE483S01020,27.35,20
521,ORIENTELEC,INE142Z01019,233.75,20
522,CSBBANK,INE679A01013,317.25,20
523,MOLDTKPAC,INE893J01029,695.55,20
524,JKCEMENT,INE823G01014,4062.55,20
525,WABAG,INE956G01038,1736.4,20.24
526,KRN,INE0Q3J01015,609.9,20
527,AVANTIFEED,INE871C01038,589.1,20
528,ASHOKA,INE442H01029,224.9,20
529,RATNAMANI,INE703B01027,3540.45,20
530,POLYMED,INE205C01021,2709.35,20
531,COROMANDEL,INE169A01031,1730.5,20
532,CIEINDIA,INE536H01010,474.1,20
533,SGBDEC26,IN0020180389,8000,10
534,GLENMARK,INE935A01035,1577.05,20
535,SAMHI,INE08U801020,187.14,20
536,LT,INE018A01030,3591.35,10.54
537,STARHEALTH,INE575P01011,472.05,20
538,AXISBANK,INE238A01034,1158.15,9.8
539,RAILTEL,INE0DD101019,390.75,23.82
540,JSWENERGY,INE121E01018,750.05,20
541,ELECTCAST,INE086A01029,149.13,21.76
542,CAPACITE,INE264T01014,353.7,20
543,BSE,INE118H01025,4678.2,23.28
544,IPCALAB,INE571A01038,1559.5,20
545,FDC,INE258B01022,498.65,20
546,CENTRALBK,INE483A01010,54.9,20
547,DBREALTY,INE879I01012,161.83,24.88
548,HINDPETRO,INE094A01015,375.55,20
549,BAJFINANCE,INE296A01024,6638.2,10.36
550,NLCINDIA,INE589A01014,238.15,20.76
551,SURYAROSNI,INE335A01020,672.4,20
552,LTGILTBEES,INF204KB1882,26.9,10
553,KESORAMIND,INE087A01019,209.17,20
554,INGERRAND,INE177A01018,4194.85,20
555,ABBOTINDIA,INE358A01014,28597.85,20
556,PARADEEP,INE088F01024,105.53,20
557,DEN,INE947J01015,45.05,20
558,SCI,INE109A01011,222.6,22.38
559,IOC,INE242A01010,138.79,20
560,OBEROIRLTY,INE093I01010,1989.65,20
561,BALKRISIND,INE787D01026,2742.25,20
562,IEX,INE022Q01020,166.23,20
563,EMBDL,INE069I01010,121.26,23.54
564,ENDURANCE,INE913H01037,2468.2,20
565,MIDHANI,INE099Z01011,317.35,20
566,DREAMFOLKS,INE0JS101016,428.65,20
567,ANUP,INE294Z01018,3500.05,20.93
568,STYLEBAAZA,INE01FR01028,332.6,20
569,INDHOTEL,INE053A01029,730.4,20
570,AUTOBEES,INF204KC1337,237.75,20
571,GENESYS,INE727B01026,743.95,23.82
572,PNB,INE160A01022,103.73,20
573,ISGEC,INE858B01029,1324.55,20
574,FSL,INE684F01012,356.75,20
575,ULTRACEMCO,INE481G01011,10892,9
576,ASTRAZEN,INE203A01020,7404.55,20
577,PRINCEPIPE,INE689W01016,453.85,20
578,BANKBARODA,INE028A01039,252.7,20
579,ICICIGI,INE765G01017,1892.25,20
580,GHCL,INE539A01019,586.45,20
581,SUNPHARMA,INE044A01036,1800.85,9
582,LIQUIDCASE,INF0R8F01034,105.33,5
583,RAMCOCEM,INE331A01037,910,20
584,GLAND,INE068V01023,1764.55,20
585,BEL,INE263A01024,290.15,15.02
586,SKIPPER,INE439E01022,551,26.06
587,BCLIND,INE412G01024,54.86,20
588,CONCOR,INE111A01025,809.75,20
589,SWARAJENG,INE277A01016,3043.35,20
590,SGBDEC25XI,IN0020170133,8060.4,10
591,INDGN,INE065X01017,662.7,20
592,SAMMAANCAP,INE148I01020,138.35,20
593,FMCGIETF,INF109KC19V3,59.93,20
594,GAIL,INE129A01019,194.15,20
595,REDTAPE,INE0LXT01019,892.15,20
596,PATANJALI,INE619A01035,1861.4,20
597,CREDITACC,INE741K01010,913.9,20
598,DELHIVERY,INE148O01028,340,20
599,ABFRL,INE647O01011,293.85,20
600,FINPIPE,INE183A01024,275.25,20
601,SGBJU29III,IN0020210087,8020,10
602,IOB,INE565A01014,51.48,20.52
603,TMB,INE668A01016,440.15,20
604,SCHAEFFLER,INE513A01022,3556.7,20
605,ICICIPRULI,INE726G01019,702.1,20
606,GRWRHITECH,INE291A01017,3960.45,23.42
607,QUICKHEAL,INE306L01010,603.45,24.01
608,CHOICEIN,INE102B01014,523.55,20
609,ISEC,INE763G01038,842.65,20
610,ABCAPITAL,INE674K01013,194.77,20
611,PRECWIRE,INE372C01037,177.31,23
612,UTIAMC,INE094J01016,1345.9,20
613,TIMETECHNO,INE508G01029,394.5,20.19
614,BAJAJCON,INE933K01021,204.52,20
615,GLOBUSSPR,INE615I01010,937.1,20.37
616,MANINFRA,INE949H01023,183.67,20
617,BALUFORGE,INE011E01029,756.5,20
618,DIXON,INE935N01020,15008.15,20
619,CONCORDBIO,INE338H01029,1862.25,20
620,MSUMI,INE0FS801015,62.23,20
621,CYIENT,INE136B01020,1820.8,20
622,SGBMAY28,IN0020200088,7997.66,10
623,SHRIPISTON,INE526E01018,2070.25,20
624,NATIONALUM,INE139A01034,225.91,20
625,KSCL,INE455I01029,889.85,20
626,MEDIASSIST,INE456Z01021,602.6,20
627,BHARTIARTL,INE397D01024,1555.65,9
628,DALBHARAT,INE00R701025,1786.7,20
629,BEPL,INE922A01025,125.68,20
630,DALMIASUG,INE495A01022,430.3,20
631,SILVER,INF209KB19F6,89.3,20
632,STAR,INE939A01011,1467.6,20
633,PRAJIND,INE074A01025,697.2,20
634,AKUMS,INE09XN01023,644.95,20
635,MRPL,INE103A01014,153.65,21.4
636,LIQUID1,INF174KA1LV5,1018.35,5
637,DCW,INE500A01029,101.08,22.54
638,BHARATFORG,INE465A01025,1360.6,20
639,VEDL,INE205A01025,444.75,20
640,GPIL,INE177H01039,194.95,20
641,WONDERLA,INE066O01014,840.25,20
642,AMBUJACEM,INE079A01024,556.6,20
643,VOLTAS,INE226A01021,1699.6,20
644,NAM-INDIA,INE298J01013,692,20
645,CANFINHOME,INE477A01020,828.85,20
646,SILVERIETF,INF109KC1Y56,89.5,20
647,MAPMYINDIA,INE0BV301023,1859.5,20
648,DLF,INE271C01023,764.85,20
649,CARBORUNIV,INE120A01034,1405.85,20
650,NESCO,INE317F01035,1010.55,20
651,SGBJUN27,IN0020190073,7910.01,10
652,MAHSEAMLES,INE271B01025,612.55,20
653,VBL,INE200M01039,584.3,20
654,BALAMINES,INE050E01027,2033.35,20
655,NAVINFLUOR,INE048G01026,3322.05,20
656,SGBJUL29IV,IN0020210111,8020,10
657,JMFINANCIL,INE780C01023,135.91,20
658,CEIGALL,INE0AG901020,315.45,20
659,SIGACHI,INE0D0K01022,51.73,20
660,LIQUIDIETF,INF109KC1KT9,1000,5
661,LALPATHLAB,INE600L01024,3029.9,20
662,JKPAPER,INE789E01012,418.6,20
663,EMSLIMITED,INE0OV601013,763.05,20
664,INDIACEM,INE383A01012,357.5,20
665,BLUEDART,INE233B01017,7679.25,20
666,RELIGARE,INE621H01010,245.95,20
667,HITECH,INE106T01025,172.32,20
668,APTECHT,INE266F01018,166.07,20
669,MOM100,INF247L01023,59.13,6.16
670,KOLTEPATIL,INE094I01018,364.8,20
671,RALLIS,INE613A01020,319.15,20
672,EMIL,INE02YR01019,163.38,20
673,FINEORG,INE686Y01026,4869.5,20
674,CIPLA,INE059A01026,1525.15,10.1
675,LXCHEM,INE576O01020,259.9,20
676,GREENPLY,INE461C01038,329.8,20
677,DEEDEV,INE841L01016,292.65,20
678,MANAPPURAM,INE522D01027,157.99,20
679,STLTECH,INE089C01029,119.05,20
680,LIQUIDADD,INF740KA1UM0,1040.54,5
681,TCS,INE467B01029,4197.4,9
682,EIDPARRY,INE126A01031,816.8,20
683,PNBGILTS,INE859A01011,121.1,20
684,LLOYDSME,INE281B01032,992.35,20
685,DWARKESH,INE366A01041,62.37,20
686,HUDCO,INE031A01017,210.23,23.85
687,SGBFEB28IX,IN0020190545,8083.4,10
688,POWERMECH,INE211R01019,2694.5,20
689,ADANIGREEN,INE364U01010,1524.15,20.04
690,IDFCFIRSTB,INE092T01019,66.24,20
691,AWFIS,INE108V01019,764.45,20
692,BAJAJ-AUTO,INE917I01010,9678.7,11.51
693,WELENT,INE625G01013,477.4,20
694,PRICOLLTD,INE726V01018,457.35,20
695,JKLAKSHMI,INE786A01032,699.25,20
696,PRSMJOHNSN,INE010A01011,186.4,20
697,GANDHAR,INE717W01049,209.77,20
698,CIGNITITEC,INE675C01017,1399.1,20
699,GRAVITA,INE024L01027,2176.65,24.32
700,BHEL,INE257A01026,230.22,20
701,USHAMART,INE228A01035,384.6,20
702,BOSCHLTD,INE323A01026,33278.5,20
703,BIKAJI,INE00E101023,849.95,20
704,RATEGAIN,INE0CLI01024,755.1,20
705,MAHSCOOTER,INE288A01013,10529.35,20
706,DABUR,INE016A01026,510.5,20
707,CHENNPETRO,INE178A01016,602.2,22.31
708,EQUITASBNK,INE063P01018,64.92,20
709,KRBL,INE001B01026,275.35,20
710,NIFTYBEES,INF204KB14I2,267.18,6
711,CPSEETF,INF457M01133,90.09,20
712,KEI,INE878B01027,3998.4,20
713,ARKADE,INE0QRL01017,140.32,20
714,DODLA,INE021O01019,1177.5,20
715,SGBNOV24,IN0020160076,7758.2,10
716,JUBLFOOD,INE797F01020,636.85,20
717,SBILIFE,INE123W01016,1562.45,9.45
718,SOLARINDS,INE343H01029,10019.7,20
719,PARAGMILK,INE883N01014,212.69,20
720,ZEEL,INE256A01028,119.05,22.31
721,SONATSOFTW,INE269A01021,585.1,20
722,MAHLOG,INE766P01016,402.85,20
723,CCL,INE421D01022,691.2,20
724,OFSS,INE881D01027,11855.75,20
725,JBMA,INE927D01044,1530.5,20
726,HEMIPROP,INE0AJG01018,175.03,20
727,CUMMINSIND,INE298A01020,3480.35,20
728,SGBDE31III,IN0020230168,8301.87,10
729,NBCC,INE095N01031,93.46,22.42
730,REPCOHOME,INE612J01015,461.9,20
731,AWHCL,INE01BK01022,641.9,22.26
732,CAMS,INE596I01012,4681.7,20
733,INDIGOPNTS,INE09VQ01012,1499.1,20
734,SGBOC28VII,IN0020200203,8039.45,10
735,NAZARA,INE418L01021,881.95,20
736,STYRENIX,INE189B01011,2481.65,20
737,ECOSMOBLTY,INE06HJ01020,382.2,20
738,MPHASIS,INE356A01018,2853.45,20
739,JUBLINGREA,INE0BY001018,683.55,20
740,SGBAUG30,IN0020220078,8262.5,10
741,SSWL,INE802C01033,204.03,20
742,BBTC,INE050A01025,2673.1,20.28
743,BLSE,INE0NLT01010,218.15,20
744,GSEC5IETF,INF109KC14A8,58.54,80
745,ZOMATO,INE758T01015,260.99,20
746,BAYERCROP,INE462A01022,6315.35,20
747,HFCL,INE548A01028,126.21,22.5
748,CRISIL,INE007A01025,5460.95,20
749,POWERGRID,INE752E01010,322.7,11.48
750,GESHIP,INE017A01032,1124.9,20
751,APOLLOTYRE,INE438A01022,471.35,20
752,CELLO,INE0LMW01024,843.6,20
753,ANANDRATHI,INE463V01026,3903.9,20
754,SGBDEC2512,IN0020170141,8450,10
755,EMUDHRA,INE01QM01018,880.7,20
756,SUNTV,INE424H01027,730.6,20
757,SGBFEB32IV,IN0020230184,8393.2,10
758,ITDCEM,INE686A01026,524.15,23.36
759,RHIM,INE743M01012,542.05,20
760,ROUTE,INE450U01017,1453.5,20
761,BAJAJHIND,INE306A01021,31.98,22.72
762,AGI,INE415A01038,953.75,20.16
763,BRIGADE,INE791I01019,1124.75,20
764,GULFOILLUB,INE635Q01029,1157.55,20
765,NH,INE410P01011,1282.85,20
766,SGBMR29XII,IN0020200427,8049.34,10
767,GILT5YBEES,INF204KC1030,58.27,10
768,GOLDIETF,INF109KC1NT3,64.89,20
769,ASTRAMICRO,INE386C01029,782.3,20
770,KIRLOSBROS,INE732A01036,2011.15,23.34
771,EKC,INE184H01027,175.48,21.9
772,SHREDIGCEM,INE232A01011,86.86,20
773,NESTLEIND,INE239A01024,2256.2,9
774,UNIONBANK,INE692A01016,119,20
775,PRUDENT,INE00F201020,2981.3,21.54
776,SANGHVIMOV,INE989A01032,390.4,22.59
777,MOTHERSON,INE775A01035,166.04,20
778,ERIS,INE406M01024,1369.45,20
779,EIHOTEL,INE230A01023,362.75,20
780,TITAGARH,INE615H01020,1144.1,22.2
781,CHOLAHLDNG,INE149A01033,1626.6,20
782,DEVYANI,INE872J01023,172.26,20
783,EPIGRAL,INE071N01016,2010.35,20.75
784,SKFINDIA,INE640A01023,5031.7,20
785,SGBJUN31I,IN0020230069,8278.21,10
786,TATAGOLD,INF277KA1976,7.41,20
787,METROBRAND,INE317I01021,1153.45,20
788,TORNTPOWER,INE813H01021,1658.7,20
789,IRCON,INE962Y01021,197.9,23
790,NAVA,INE725A01022,928.2,20
791,POONAWALLA,INE511C01022,361.65,20
792,LEMONTREE,INE970X01018,121.63,20
793,JINDALSTEL,INE749A01030,887,20
794,360ONE,INE466L01038,1038.75,20
795,BLS,INE153T01027,398.05,20
796,INDIAMART,INE933S01016,2308.15,20
797,VGUARD,INE951I01027,417.1,20
798,QUESS,INE615P01015,674.55,20
799,GRINFRA,INE201P01022,1604.35,20
800,MANYAVAR,INE825V01034,1366.9,20
801,INDIASHLTR,INE922K01024,661.6,20
802,DYNAMATECH,INE221B01012,6973.15,20
803,CESC,INE486A01021,183.92,20
804,SJS,INE284S01014,1193.5,20
805,KRSNAA,INE08LI01020,917.9,20
806,VENKEYS,INE398A01010,1758.95,20
807,ADANIPOWER,INE814H01011,557.95,20
808,HEIDELBERG,INE578A01017,220.72,20
809,OLAELEC,INE0LXG01040,74.29,20
810,LUXIND,INE150G01020,1902.25,20
811,GSFC,INE026A01025,195.6,20
812,ALEMBICLTD,INE426A01027,135.63,20
813,COALINDIA,INE522F01014,414.05,12.91
814,SUNTECK,INE805D01034,513.75,20
815,MEDANTA,INE474Q01031,1059.2,20
816,AEGISLOG,INE208C01025,774.75,20.05
817,GLAXO,INE159A01016,2547.35,20
818,VSTIND,INE710A01016,323.25,20
819,ASAHIINDIA,INE439A01020,680.95,20
820,PFC,INE134E01011,467.15,20
821,SNOWMAN,INE734N01019,66.46,20
822,CRAFTSMAN,INE00LO01017,4988.15,20
823,LIQUIDSBI,INF200KA13Z8,999.99,5
824,SGBFEB29XI,IN0020200393,8038,10
825,KCP,INE805C01028,235.5,20
826,SGBJAN27,IN0020180462,8090,10
827,ZYDUSWELL,INE768C01010,1896.7,20
828,SAPPHIRE,INE806T01020,316.05,20
829,LUMAXTECH,INE872H01027,507.95,20
830,ICIL,INE483B01026,344.8,20
831,SUBROS,INE287B01021,640.65,20
832,SHYAMMETL,INE810G01011,810.15,20
833,CROMPTON,INE299U01018,390.4,20
834,AUTOIETF,INF109KC10V2,23.79,20
835,HEG,INE545A01024,416.3,20
836,WELCORP,INE191B01025,734.2,20
837,HDFCGOLD,INF179KC1981,64.57,20
838,CAMPUS,INE278Y01022,293.5,20
839,AMIORG,INE00FF01017,2046.3,20
840,FIRSTCRY,INE02RE01045,530.35,20
841,JSL,INE220G01021,698.1,20
842,SGBFEB27,IN0020180561,8000,10
843,ESAFSFB,INE818W01011,42.78,20
844,GREAVESCOT,INE224A01026,179.19,20
845,MOL,INE0CT101020,96.52,20
846,EASEMYTRIP,INE07O001026,31.27,20
847,ELECON,INE205B01031,557.5,20.45
848,MTARTECH,INE864I01014,1586.6,20
849,KPIL,INE220B01022,1241.65,20
850,AARTIIND,INE769A01020,445.25,20
851,VOLTAMP,INE540H01012,10052.25,22.25
852,IRCTC,INE335Y01020,811.65,20
853,NUVAMA,INE531F01015,6575.6,20
854,RKFORGE,INE399G01023,943.85,20
855,SGBJAN29X,IN0020200385,8010.01,10
856,TEAMLEASE,INE985S01024,2765.7,20
857,GNFC,INE113A01013,589.2,20
858,ETHOSLTD,INE04TZ01018,2963.8,20
859,KPITTECH,INE04I401011,1390.4,20
860,DCMSHRIRAM,INE499A01024,1244.75,20
861,LTTS,INE010V01017,5278.85,20
862,GRAPHITE,INE371A01025,498.45,20
863,MAXHEALTH,INE027H01010,1030.7,20
864,GODREJAGRO,INE850D01014,718.45,20
865,JKIL,INE576I01022,727.2,20
866,SJVN,INE002L01015,108.63,21.37
867,AIAENG,INE212H01026,3534,20
868,UFLEX,INE516A01017,603.6,20
869,ALLCARGO,INE418H01029,54.24,20
870,RITES,INE320J01015,279.95,20.33
871,EPL,INE255A01020,263.9,20
872,IKIO,INE0LOJ01019,260.8,20
873,MARICO,INE196A01026,595.55,20
874,GRANULES,INE101D01020,562.15,20
875,ICICIBANK,INE090A01021,1270.6,9
876,AXITA,INE02EZ01022,14.11,20
877,HDFCSML250,INF179KC1FB2,174.35,6.21
878,ASIANPAINT,INE021A01026,2474.85,9
879,RIIL,INE046A01015,1077,20
880,BALMLAWRIE,INE164A01016,223.22,20
881,GICHSGFIN,INE289B01019,211.39,20
882,SURYODAY,INE428Q01011,146.85,20
883,CASTROLIND,INE172A01027,199.85,20
884,HDFCLIQUID,INF179KC1HE2,1000,5
885,IRB,INE821I01022,50.23,20.35