Confirmed list of securities to be auctioned in A 2024215 to be held on Nov 13 2024.

Sr No,Symbol,Series,Total Qty
1,360ONE,EQ,3844
2,63MOONS,EQ,3603
3,AADHARHFC,EQ,815
4,AARTIDRUGS,EQ,547
5,AARTIIND,EQ,579
6,AARTIPHARM,EQ,1000
7,ABAN,EQ,785
8,ABB,EQ,402
9,ABBOTINDIA,EQ,20
10,ABCAPITAL,EQ,288
11,ABDL,EQ,1
12,ABFRL,EQ,7535
13,ABSLAMC,EQ,90
14,ACE,EQ,247
15,ACI,EQ,8
16,ACLGATI,EQ,603
17,ADANIENSOL,EQ,3920
18,ADANIENT,EQ,1
19,ADANIGREEN,EQ,400
20,ADANIPORTS,EQ,76
21,ADFFOODS,EQ,382
22,ADROITINFO,EQ,549
23,AFCONS,EQ,2388
24,AFFLE,EQ,10
25,AFFORDABLE,EQ,34
26,AFIL,EQ,275
27,AGARIND,EQ,342
28,AGI,EQ,2405
29,AGIIL,EQ,50
30,AIAENG,EQ,189
31,AKASH,EQ,5
32,AKSHOPTFBR,EQ,9967
33,AKUMS,EQ,32
34,ALEMBICLTD,EQ,441
35,ALKYLAMINE,EQ,13
36,ALLDIGI,EQ,19
37,ALLETEC,SM,400
38,ALOKINDS,EQ,1390
39,ALPEXSOLAR,SM,400
40,AMBER,EQ,80
41,AMBUJACEM,EQ,163
42,AMIORG,EQ,531
43,AMRUTANJAN,EQ,1
44,ANGELONE,EQ,73
45,APCL,EQ,1
46,APLAPOLLO,EQ,294
47,APLLTD,EQ,100
48,APOLLOHOSP,EQ,19
49,APTECHT,EQ,261
50,APTUS,EQ,1835
51,ARIES,EQ,1500
52,ARIHANTSUP,EQ,68
53,ARKADE,EQ,472
54,ARROWGREEN,EQ,120
55,ARTEMISMED,EQ,195
56,ARVINDFASN,EQ,693
57,ARVSMART,EQ,83
58,ASAHIINDIA,EQ,1
59,ASHOKLEY,EQ,1230
60,ASIANPAINT,EQ,18463
61,ASTERDM,EQ,115
62,ASTRAMICRO,EQ,45
63,ASTRON,EQ,70
64,ATFL,EQ,488
65,AUBANK,EQ,212
66,AUROPHARMA,EQ,425
67,AUSOMENT,EQ,43
68,AVALON,EQ,168
69,AVG,EQ,84
70,AVTNPL,EQ,100
71,AWFIS,EQ,200
72,AWL,EQ,408
73,AXISBANK,EQ,461
74,AXISBPSETF,EQ,2
75,AZAD,EQ,101
76,BAJAJ-AUTO,EQ,42
77,BAJAJFINSV,EQ,53
78,BAJAJHFL,EQ,1
79,BAJAJHIND,EQ,500
80,BAJAJHLDNG,EQ,19
81,BALKRISIND,EQ,69
82,BALRAMCHIN,EQ,23194
83,BANDHANBNK,EQ,4000
84,BANKBARODA,EQ,4911
85,BANKBEES,EQ,1832
86,BANKETFADD,EQ,128
87,BANKIETF,EQ,4787
88,BANKINDIA,EQ,4549
89,BANSALWIRE,EQ,40
90,BATAINDIA,EQ,30
91,BBNPPGOLD,EQ,2
92,BBOX,EQ,2353
93,BBTC,EQ,171
94,BBTCL,EQ,34
95,BEACON,SM,1000
96,BEL,EQ,1521
97,BEML,EQ,51
98,BERGEPAINT,EQ,252
99,BESTAGRO,EQ,19
100,BFINVEST,EQ,205
101,BHANDARI,EQ,742
102,BHARTIARTL,EQ,310
103,BHARTIHEXA,EQ,9
104,BHEL,EQ,665
105,BIKEWO,SM,2000
106,BIOCON,EQ,9952
107,BLISSGVS,EQ,50
108,BLKASHYAP,EQ,482
109,BLS,EQ,1430
110,BLSE,EQ,108
111,BLUEJET,EQ,5
112,BLUESTARCO,EQ,952
113,BOMDYEING,EQ,200
114,BORORENEW,EQ,612
115,BPCL,EQ,1621
116,BPL,EQ,39
117,BRIGADE,EQ,79
118,BRITANNIA,EQ,147
119,BSE,EQ,519
120,BSL,EQ,251
121,BSOFT,EQ,1440
122,CAMLINFINE,EQ,200
123,CAMS,EQ,277
124,CANBK,EQ,472
125,CAPLIPOINT,EQ,44
126,CARERATING,EQ,400
127,CARTRADE,EQ,133
128,CARYSIL,EQ,25
129,CASTROLIND,EQ,4966
130,CCHHL,EQ,472
131,CCL,EQ,1
132,CDSL,EQ,2450
133,CEIGALL,EQ,50
134,CELEBRITY,EQ,100
135,CENTRALBK,EQ,1025
136,CESC,EQ,713
137,CGPOWER,EQ,420
138,CGRAPHICS,SM,800
139,CHALET,EQ,624
140,CHAMBLFERT,EQ,3871
141,CHEMPLASTS,EQ,70
142,CHENNPETRO,EQ,9059
143,CHEVIOT,EQ,50
144,CHOLAFIN,EQ,161
145,CIPLA,EQ,1
146,CLSEL,EQ,75
147,COALINDIA,EQ,142
148,COASTCORP,EQ,13
149,COFORGE,EQ,584
150,CONCOR,EQ,100
151,CONCORDBIO,EQ,26
152,COROMANDEL,EQ,25
153,CRAFTSMAN,EQ,25
154,CREDITACC,EQ,363
155,CROMPTON,EQ,30
156,CUB,EQ,5
157,DABUR,EQ,5
158,DALBHARAT,EQ,351
159,DATAPATTNS,EQ,116
160,DBL,EQ,11
161,DBREALTY,EQ,5
162,DCAL,EQ,40
163,DCBBANK,EQ,10000
164,DCI,EQ,200
165,DCMSHRIRAM,EQ,135
166,DEEDEV,EQ,4
167,DEEPAKNTR,EQ,22
168,DELTACORP,EQ,17
169,DELTAMAGNT,EQ,4
170,DENTALKART,SM,500
171,DEVYANI,EQ,20093
172,DHAMPURSUG,EQ,1006
173,DHANI,EQ,2300
174,DHUNINV,EQ,6
175,DIAMONDYD,EQ,7
176,DIVISLAB,EQ,30
177,DIXON,EQ,60
178,DLF,EQ,50
179,DMART,EQ,7
180,DOLATALGO,EQ,990
181,DOLLAR,EQ,361
182,DOMS,EQ,40
183,DPABHUSHAN,EQ,2
184,DPWIRES,EQ,3
185,DRCSYSTEMS,EQ,149
186,DRREDDY,EQ,68
187,DSSL,EQ,2
188,EASEMYTRIP,EQ,2935
189,EBBETF0431,EQ,3603
190,ECLERX,EQ,42
191,ECOSMOBLTY,EQ,18
192,EDELWEISS,EQ,50000
193,EGOLD,EQ,126
194,EICHERMOT,EQ,75
195,EIDPARRY,EQ,328
196,EIHOTEL,EQ,2119
197,EKC,EQ,524
198,ELECTCAST,EQ,250
199,ELECTHERM,EQ,52
200,ELGIRUBCO,EQ,4
201,EMAMILTD,EQ,1727
202,EMBDL,EQ,100
203,EMCURE,EQ,10982
204,EMIL,EQ,2143
205,EMMBI,EQ,75
206,EMUDHRA,EQ,10
207,ENDURANCE,EQ,38
208,ENERGYDEV,EQ,185
209,ENGINERSIN,EQ,9530
210,ENIL,EQ,42
211,EPIGRAL,EQ,375
212,EPL,EQ,200
213,EQUITASBNK,EQ,30006
214,ESABINDIA,EQ,1
215,ESCORTS,EQ,7
216,ESILVER,EQ,20
217,ESTER,EQ,9899
218,EXCEL,EQ,1039065
219,EXICOM,EQ,1599
220,EXIDEIND,EQ,179
221,EXXARO,EQ,2
222,FCL,EQ,196
223,FDC,EQ,100
224,FEDERALBNK,EQ,2567
225,FINEORG,EQ,50
226,FINOPB,EQ,181
227,FIRSTCRY,EQ,1083
228,FLUOROCHEM,EQ,9
229,FOODSIN,EQ,68
230,FORTIS,EQ,100
231,FOSECOIND,EQ,8
232,FSL,EQ,970
233,GAIL,EQ,4257
234,GALAPREC,EQ,3000
235,GALAXYSURF,EQ,1
236,GANECOS,EQ,15
237,GANESHHOUC,EQ,327
238,GENSOL,EQ,2
239,GEPIL,EQ,150
240,GESHIP,EQ,12
241,GICRE,EQ,361
242,GILLETTE,EQ,15
243,GKWLIMITED,EQ,1
244,GLAND,EQ,84
245,GLAXO,EQ,25
246,GLENMARK,EQ,28
247,GLOBUSSPR,EQ,76
248,GMMPFAUDLR,EQ,2919
249,GMRINFRA,EQ,5466
250,GMRP&UI,EQ,872
251,GODFRYPHLP,EQ,1
252,GODHA,EQ,62652
253,GODIGIT,EQ,201
254,GODREJPROP,EQ,510
255,GOLDIETF,EQ,3
256,GOODLUCK,EQ,318
257,GOPAL,EQ,75
258,GPPL,EQ,5408
259,GRANULES,EQ,122
260,GRAPHITE,EQ,1
261,GRASIM,EQ,6
262,GRAVITA,EQ,2
263,GREAVESCOT,EQ,750
264,GSEC10IETF,EQ,6
265,GSEC10YEAR,EQ,5
266,GSFC,EQ,250
267,GSPL,EQ,1063
268,GTLINFRA,EQ,86553
269,GUJGASLTD,EQ,200
270,GULPOLY,EQ,1150
271,HAL,EQ,20
272,HARIOMPIPE,EQ,532
273,HARSHA,EQ,9
274,HBLPOWER,EQ,4718
275,HCC,EQ,590
276,HCLTECH,EQ,276
277,HDFCAMC,EQ,100
278,HDFCBANK,EQ,145
279,HDFCLIFE,EQ,8
280,HDFCLIQUID,EQ,10
281,HDFCMID150,EQ,233
282,HEG,EQ,180
283,HERANBA,EQ,690
284,HERCULES,EQ,115
285,HFCL,EQ,9475
286,HGINFRA,EQ,1
287,HIKAL,EQ,5644
288,HIL,EQ,2
289,HIMATSEIDE,EQ,1800
290,HINDALCO,EQ,1456
291,HINDCOPPER,EQ,100
292,HINDOILEXP,EQ,1312
293,HINDPETRO,EQ,252
294,HINDUNILVR,EQ,2
295,HINDZINC,EQ,1859
296,HMAAGRO,EQ,9270
297,HNGSNGBEES,EQ,977
298,HONASA,EQ,50
299,HPL,EQ,88
300,HSCL,EQ,43
301,HUDCO,EQ,200
302,HUHTAMAKI,EQ,15
303,HYUNDAI,EQ,784
304,ICEMAKE,EQ,200
305,ICICIBANK,EQ,876
306,IDEA,EQ,14886
307,IDEAFORGE,EQ,2
308,IDFCFIRSTB,EQ,1085
309,IDFNIFTYET,EQ,4
310,IEL,EQ,3398
311,IEX,EQ,1652
312,IFCI,EQ,5051
313,IFGLEXPOR,EQ,4
314,IGARASHI,EQ,150
315,IGL,EQ,501
316,IGPL,EQ,160
317,IIFL,EQ,37
318,IKIO,EQ,560
319,IMAGICAA,EQ,5000
320,IMFA,EQ,589
321,INDGN,EQ,234
322,INDHOTEL,EQ,5010
323,INDIACEM,EQ,111
324,INDIANB,EQ,402
325,INDIGO,EQ,263
326,INDIGOPNTS,EQ,545
327,INDOAMIN,EQ,22
328,INDRAMEDCO,EQ,300
329,INDUSINDBK,EQ,25
330,INFIBEAM,EQ,122
331,INFY,EQ,346
332,INNOVACAP,EQ,142
333,INOXGREEN,EQ,7112
334,INOXINDIA,EQ,718
335,INOXWIND,EQ,13028
336,INTELLECT,EQ,295
337,INTERARCH,EQ,275
338,INVENTURE,EQ,3221
339,IOB,EQ,1886
340,IOC,EQ,44
341,IONEXCHANG,EQ,1702
342,IPL,EQ,3708
343,IRB,EQ,20117
344,IRCTC,EQ,36
345,IREDA,EQ,1000
346,IRISDOREME,EQ,544
347,ITDCEM,EQ,63
348,ITI,EQ,16057
349,ITIETF,EQ,8831
350,IVC,EQ,116
351,IWEL,EQ,13
352,J&KBANK,EQ,8676
353,JAICORPLTD,EQ,359
354,JAIPURKURT,EQ,35
355,JBMA,EQ,100
356,JCHAC,EQ,31
357,JGCHEM,EQ,200
358,JHS,EQ,918
359,JINDALPHOT,EQ,129
360,JINDALPOLY,EQ,50
361,JINDALSTEL,EQ,23
362,JINDRILL,EQ,156
363,JIOFIN,EQ,7176
364,JISLJALEQS,EQ,500
365,JITFINFRA,EQ,2
366,JKPAPER,EQ,500
367,JKTYRE,EQ,563
368,JLHL,EQ,5
369,JPOLYINVST,EQ,130
370,JPPOWER,EQ,7201
371,JSLL,SM,90
372,JSWENERGY,EQ,3125
373,JSWHL,EQ,2071
374,JSWINFRA,EQ,4026
375,JSWSTEEL,EQ,102
376,JTLIND,EQ,250
377,JUBLFOOD,EQ,2669
378,JUSTDIAL,EQ,65
379,JWL,EQ,13
380,JYOTISTRUC,EQ,4046
381,KAJARIACER,EQ,8
382,KALYANKJIL,EQ,600
383,KANSAINER,EQ,47
384,KARMAENG,EQ,682
385,KAYNES,EQ,262
386,KCP,EQ,694
387,KEC,EQ,70
388,KEI,EQ,1
389,KELLTONTEC,EQ,1740
390,KFINTECH,EQ,79
391,KHADIM,EQ,13
392,KIOCL,EQ,705
393,KIRLOSIND,EQ,50
394,KIRLPNU,EQ,15
395,KOHINOOR,EQ,2
396,KOTAKBANK,EQ,1584
397,KPIL,EQ,451
398,KPITTECH,EQ,152
399,KPRMILL,EQ,61
400,KREBSBIO,EQ,1100
401,KRN,EQ,3478
402,KRONOX,EQ,55
403,KROSS,EQ,164
404,KSB,EQ,10
405,KSCL,EQ,10
406,LAOPALA,EQ,87
407,LATENTVIEW,EQ,180
408,LAURUSLABS,EQ,1163
409,LEMONTREE,EQ,3514
410,LEXUS,EQ,917
411,LICHSGFIN,EQ,1
412,LICI,EQ,90
413,LICMFGOLD,EQ,4
414,LINCOLN,EQ,30
415,LINDEINDIA,EQ,455
416,LIQUID,EQ,3790
417,LIQUIDBEES,EQ,19642
418,LIQUIDBETF,EQ,6
419,LIQUIDETF,EQ,3500
420,LIQUIDSHRI,EQ,18
421,LLOYDSENGG,EQ,600
422,LLOYDSME,EQ,29
423,LODHA,EQ,2606
424,LOKESHMACH,EQ,436
425,LT,EQ,123
426,LTF,EQ,60
427,LTFOODS,EQ,10
428,LTIM,EQ,30
429,LTTS,EQ,191
430,LUMAXTECH,EQ,1
431,LUPIN,EQ,355
432,LUXIND,EQ,14
433,LYKALABS,EQ,63
434,M&M,EQ,250
435,M&MFIN,EQ,281
436,MAHABANK,EQ,801
437,MAHKTECH,EQ,2616
438,MAITHANALL,EQ,16
439,MANAKALUCO,EQ,204
440,MANALIPETC,EQ,431
441,MANAPPURAM,EQ,12928
442,MANGLMCEM,EQ,322
443,MANINFRA,EQ,480
444,MANKIND,EQ,44
445,MANUGRAPH,EQ,11
446,MANYAVAR,EQ,103
447,MARKSANS,EQ,98
448,MARUTI,EQ,50
449,MASFIN,EQ,2000
450,MASTEK,EQ,70
451,MATRIMONY,EQ,7
452,MAXHEALTH,EQ,53
453,MAZDA,EQ,3
454,MAZDOCK,EQ,1288
455,MCL,EQ,2
456,MCLEODRUSS,EQ,1000
457,MCX,EQ,16
458,MEDICO,EQ,1500
459,MEGATHERM,SM,400
460,MENONBE,EQ,30
461,METROPOLIS,EQ,16
462,MFSL,EQ,66
463,MGEL,EQ,2
464,MGL,EQ,135
465,MICEL,EQ,35
466,MID150BEES,EQ,750
467,MID150CASE,EQ,141
468,MIDHANI,EQ,100
469,MITCONPP,E1,2
470,MMTC,EQ,500
471,MOGSEC,EQ,138
472,MOHITIND,EQ,1367
473,MOLOWVOL,EQ,27
474,MON100,EQ,145
475,MOREALTY,EQ,50
476,MOREPENLAB,EQ,248
477,MOTHERSON,EQ,470
478,MOTILALOFS,EQ,1834
479,MPHASIS,EQ,263
480,MPSLTD,EQ,1
481,MRF,EQ,21
482,MSUMI,EQ,565
483,MTNL,EQ,344
484,MUNJALSHOW,EQ,475
485,MUTHOOTFIN,EQ,133
486,NAGREEKCAP,EQ,1006
487,NATIONALUM,EQ,732
488,NAUKRI,EQ,1512
489,NAVKARCORP,EQ,2000
490,NCC,EQ,200
491,NDRAUTO,EQ,7
492,NELCO,EQ,100
493,NESCO,EQ,38
494,NESTLEIND,EQ,398
495,NETWEB,EQ,89
496,NEWGEN,EQ,41
497,NH,EQ,40
498,NHPC,EQ,1229
499,NIACL,EQ,585
500,NIFTYBEES,EQ,1143
501,NIFTYBETF,EQ,35
502,NIITLTD,EQ,5832
503,NITINSPIN,EQ,78
504,NMDC,EQ,208
505,NOCIL,EQ,35
506,NRBBEARING,EQ,940
507,NSLNISP,EQ,2000
508,NUCLEUS,EQ,598
509,NV20,EQ,28
510,NYKAA,EQ,1039
511,OAL,EQ,50
512,OFSS,EQ,4
513,OIL,EQ,276
514,OLAELEC,EQ,101262
515,OMINFRAL,EQ,100
516,ONELIFECAP,EQ,2985
517,ONGC,EQ,6375
518,ONMOBILE,EQ,45
519,ONWARDTEC,EQ,51
520,ORBTEXP,EQ,97
521,ORCHPHARMA,EQ,15
522,ORICONENT,EQ,5365
523,ORIENTHOT,EQ,891
524,ORIENTTECH,EQ,67
525,OSWALGREEN,EQ,1214
526,PAGEIND,EQ,13
527,PAKKA,EQ,50
528,PAR,EQ,25
529,PARAGMILK,EQ,1430
530,PARKHOTELS,EQ,2975
531,PATELENG,EQ,1000
532,PATINTLOG,EQ,4920
533,PAYTM,EQ,100
534,PEL,EQ,67
535,PENINLAND,EQ,75
536,PERSISTENT,EQ,106
537,PETRONET,EQ,8
538,PFC,EQ,6843
539,PFIZER,EQ,1
540,PFS,EQ,121
541,PGHH,EQ,2
542,PGIL,EQ,16
543,PHOENIXLTD,EQ,17
544,PITTIENG,EQ,5
545,PIXTRANS,EQ,21823
546,PLATIND,EQ,247
547,PNB,EQ,36281
548,PNBGILTS,EQ,210
549,PNBHOUSING,EQ,5022
550,PNC,EQ,500
551,PNCINFRA,EQ,100
552,PNGJL,EQ,11
553,POKARNA,EQ,5
554,POLICYBZR,EQ,34
555,POLYCAB,EQ,18
556,POLYPLEX,EQ,16
557,POWERGRID,EQ,17837
558,PPAP,EQ,20809
559,PPLPHARMA,EQ,634
560,PRAJIND,EQ,1505
561,PRAKASH,EQ,284
562,PRECAM,EQ,19
563,PRECOT,EQ,451
564,PRECWIRE,EQ,108
565,PREMIERENE,EQ,256
566,PRESTIGE,EQ,544
567,PRICOLLTD,EQ,59
568,PSPPROJECT,EQ,120
569,PSUBANK,EQ,105
570,PSUBNKBEES,EQ,6191
571,PVRINOX,EQ,191
572,QNIFTY,EQ,8
573,RAILTEL,EQ,225
574,RAJESHEXPO,EQ,146
575,RAMASTEEL,EQ,40
576,RAMCOCEM,EQ,243
577,RAMCOIND,EQ,632
578,RAMCOSYS,EQ,25
579,RANEHOLDIN,EQ,4
580,RATEGAIN,EQ,3896
581,RAYMONDLSL,EQ,262
582,RBA,EQ,2604
583,RBLBANK,EQ,5000
584,RCF,EQ,4423
585,RECLTD,EQ,29858
586,REDINGTON,EQ,5873
587,RELCHEMQ,EQ,70
588,RELIABLE,EQ,29
589,RELIANCE,EQ,231
590,RENUKA,EQ,79874
591,RICOAUTO,EQ,449
592,RITCO,EQ,77
593,RITES,EQ,250
594,RKEC,EQ,94
595,ROHLTD,EQ,25
596,ROSSARI,EQ,180
597,ROUTE,EQ,34
598,RPEL,EQ,122
599,RPGLIFE,EQ,10
600,RPTECH,EQ,865
601,RSYSTEMS,EQ,821
602,RUBFILA,EQ,2970
603,RVNL,EQ,50
604,SADBHAV,EQ,179
605,SADHNANIQ,EQ,398
606,SAFARI,EQ,138
607,SAIL,EQ,3326
608,SAKAR,EQ,2
609,SAKSOFT,EQ,204
610,SALZERELEC,EQ,30
611,SAMBHAAV,EQ,825
612,SAMHI,EQ,4555
613,SANDHAR,EQ,25
614,SANGHVIMOV,EQ,27
615,SANGINITA,EQ,581
616,SANSTAR,EQ,233
617,SAPPHIRE,EQ,75
618,SARDAEN,EQ,4632
619,SAREGAMA,EQ,1
620,SARVESHWAR,EQ,1952
621,SASKEN,EQ,229
622,SATIN,EQ,145
623,SATIPOLY,SM,500
624,SBCL,EQ,2
625,SBICARD,EQ,24
626,SBILIFE,EQ,19
627,SBIN,EQ,2768
628,SBINEQWETF,EQ,5
629,SCHAEFFLER,EQ,3
630,SCI,EQ,1123
631,SCILAL,EQ,100
632,SDL26BEES,EQ,58
633,SENCO,EQ,3
634,SEPC,EQ,1724
635,SERVOTECH,EQ,565
636,SETFNIF50,EQ,56
637,SHARDACROP,EQ,300
638,SHARDAMOTR,EQ,6
639,SHILPAMED,EQ,39
640,SHIVATEX,EQ,800
641,SHOPERSTOP,EQ,138
642,SHREERAMA,EQ,627
643,SHRIPISTON,EQ,221
644,SHRIRAMFIN,EQ,15
645,SHRIRAMPPS,EQ,39
646,SHYAMMETL,EQ,29
647,SIEMENS,EQ,4
648,SIGACHI,EQ,7570
649,SIGNATURE,EQ,1690
650,SILVER1,EQ,25
651,SIYSIL,EQ,155
652,SJVN,EQ,1911
653,SKFINDIA,EQ,295
654,SMLISUZU,EQ,25
655,SMSPHARMA,EQ,1500
656,SNOWMAN,EQ,3000
657,SOBHA,EQ,302
658,SOLARAPP,E1,7
659,SONACOMS,EQ,6474
660,SOTL,EQ,3
661,SOUTHBANK,EQ,875
662,SPENCERS,EQ,18
663,SRF,EQ,6
664,SSWL,EQ,2691
665,STARCEMENT,EQ,8
666,STARHEALTH,EQ,241
667,STCINDIA,EQ,13
668,STEELCITY,EQ,478
669,STLTECH,EQ,2613
670,STYLAMIND,EQ,2
671,STYLEBAAZA,EQ,11
672,STYRENIX,EQ,48
673,SUBEXLTD,EQ,11400
674,SUDARSCHEM,EQ,128
675,SUMMITSEC,EQ,64
676,SUNCLAY,EQ,1
677,SUNDARMFIN,EQ,4
678,SUNTV,EQ,10
679,SUPRAJIT,EQ,148
680,SUPREMEIND,EQ,52
681,SURYALAXMI,EQ,8
682,SUZLON,EQ,7507
683,SWANENERGY,EQ,596
684,SWSOLAR,EQ,10
685,SYNGENE,EQ,545
686,SYRMA,EQ,130
687,TAJGVK,EQ,8061
688,TARC,EQ,597
689,TATACHEM,EQ,100
690,TATACONSUM,EQ,2
691,TATAELXSI,EQ,92
692,TATAGOLD,EQ,12
693,TATAINVEST,EQ,54
694,TATAMOTORS,EQ,3226
695,TATAPOWER,EQ,73
696,TATASTEEL,EQ,2993
697,TATATECH,EQ,14
698,TBOTEK,EQ,300
699,TCI,EQ,9
700,TCS,EQ,86
701,TECHLABS,SM,125
702,TECHM,EQ,61
703,TEJASNET,EQ,3615
704,TERASOFT,EQ,18672
705,TEXINFRA,EQ,1700
706,TEXRAIL,EQ,1620
707,TFCILTD,EQ,17
708,THANGAMAYL,EQ,14
709,THEINVEST,EQ,100
710,THEJO,EQ,71
711,THYROCARE,EQ,15
712,TI,EQ,322
713,TIMESGTY,EQ,26
714,TIMETECHNO,EQ,470
715,TIMKEN,EQ,1
716,TIPSMUSIC,EQ,50
717,TIRUMALCHM,EQ,50
718,TITAGARH,EQ,347
719,TITAN,EQ,585
720,TMB,EQ,4
721,TNPETRO,EQ,2039
722,TOP10ADD,EQ,21
723,TORNTPOWER,EQ,306
724,TRANSWORLD,EQ,191
725,TRENT,EQ,480
726,TRIDENT,EQ,4
727,TRITURBINE,EQ,274
728,TTKPRESTIG,EQ,97
729,TTML,EQ,339
730,TVSMOTOR,EQ,1
731,TVSSCS,EQ,10
732,UCAL,EQ,80
733,UCOBANK,EQ,1
734,UDS,EQ,492
735,UJJIVANSFB,EQ,2
736,ULTRACEMCO,EQ,1
737,UNICHEMLAB,EQ,412
738,UNIDT,EQ,50
739,UNIECOM,EQ,150
740,UNIENTER,EQ,1
741,UNIONBANK,EQ,20060
742,UNITDSPR,EQ,3
743,UNIVPHOTO,EQ,1
744,UNOMINDA,EQ,30
745,UTIAMC,EQ,36
746,UYFINCORP,EQ,300
747,VAKRANGEE,EQ,450
748,VARROC,EQ,294
749,VASCONEQ,EQ,105
750,VBL,EQ,76
751,VEDL,EQ,2723
752,VEEDOL,EQ,5
753,VENKEYS,EQ,35
754,VERANDA,EQ,2
755,VERTOZ,EQ,296
756,VESUVIUS,EQ,5
757,VHL,EQ,7
758,VIJAYA,EQ,1653
759,VIJIFIN,EQ,4051
760,VIKASECO,EQ,5000
761,VIMTALABS,EQ,350
762,VIPIND,EQ,150
763,VISAKAIND,EQ,55
764,VISHNU,EQ,838
765,VLSFINANCE,EQ,487
766,VOLTAS,EQ,47
767,VPRPL,EQ,5108
768,VSTTILLERS,EQ,5
769,VTL,EQ,466
770,WAAREEENER,EQ,487
771,WABAG,EQ,7
772,WEBELSOLAR,EQ,8852
773,ZYDUSLIFE,EQ,244
774,WELCORP,EQ,140
775,WINDMACHIN,EQ,5888
776,WIPRO,EQ,3594
777,WOCKPHARMA,EQ,70
778,YAARI,EQ,416
779,YATHARTH,EQ,1085
780,YATRA,EQ,245
781,YESBANK,EQ,250
782,ZEEL,EQ,1029
783,ZEELEARN,EQ,2314
784,ZENSARTECH,EQ,3018
785,ZENTEC,EQ,1045
786,ZOMATO,EQ,19017
787,ZUARIIND,EQ,2270
