SYMBOL,SERIES,SECURITY,HIGH/LOW,INDEX FLAG
ABMINTLLTD,BE,ABM INTERNATIONAL LTD,H
ACMESOLAR,EQ,ACME SOLAR HOLDINGS LTD,H
AMBICAAGAR,EQ,AMBICA AGAR & AROMAINDLTD,H
AMEYA,ST,AMEYA PRECISION ENG LTD,H
ARSHIYA,BE,ARSHIYA LIMITED,H
AUSOMENT,EQ,AUSOM ENTERPRISE LIMITED,H
BHANDARI,EQ,BHANDARI HOSIERY EXP LTD,H
CREATIVEYE,BE,CREATIVE EYE LIMITED,H
DHTL,ST,DOCMODE HEALTH TECH LTD,H
DRSDILIP,ST,DRS DILIP ROADLINES LTD.,H
EUROTEXIND,BE,EUROTEX IND & EXPORTS LTD,H
EXCEL,EQ,EXCEL REALTY N INFRA LTD,H
FEL,BZ,FUTURE ENTERPRISES LTD,H
FELDVR,BE,FUTURE ENTERPRISES LTD,H
GAYAHWS,EQ,GAYATRI HIGHWAYS LIMITED,H
GILLANDERS,EQ,GILLANDERS ARBUTHNOT LTD,H
GOENKA,BZ,GOENKA DIAMOND&JEWELS LTD,H
GVPTECH,EQ,GVP INFOTECH LIMITED,H
INDOTECH,BE,INDO TECH TRANSFORM LTD.,H
ITI,EQ,ITI LTD,H
JALAN,SM,JALAN TRANSOLU. INDIA LTD,H
JFLLIFE,SM,JFL LIFE SCIENCES LIMITED,H
KALYANIFRG,EQ,KALYANI FORGE LIMITED,H
KCK,ST,KCK INDUSTRIES LTD,H
KSHITIJPOL,EQ,KSHITIJ POLYLINE LIMITED,H
MARINE,EQ,MARINE ELECTRICAL (I) LTD,H
MBECL,BZ,MCNALLY BH. ENG. CO.LTD,H
MCON,SM,MCON RASAYAN INDIA LTD,H
MODISONLTD,BE,MODISON LIMITED,H
MTEDUCARE,BE,MT EDUCARE LTD,H
NAGREEKCAP,EQ,NAGREEKA CAP & INFR.LTD,H
NAHARPOLY,BE,NAHAR POLY FILMS LIMITED,H
NIRMAN,ST,NIRMAN AGRI GENTICS LTD,H
NTL,BZ,NEUEON TOWERS LIMITED,H
PRATHAM,ST,PRATHAM EPC PROJECTS LTD,H
PRECOT,EQ,PRECOT LIMITED,H
RELIABLE,EQ,RELIABLE DATA SERVICE LTD,H
RETAIL,BE,JHS SVENDGAARD RETAIL V L,H
SHYAMTEL,BE,SHYAM TELECOM LIMITED,H
SLONE,SM,SLONE INFOSYSTEMS LIMITED,H
SMSLIFE,BE,SMS LIFESCIENCES (I) LTD,H
TERASOFT,EQ,TERA SOFTWARE LIMITED,H
THEINVEST,EQ,THE INVEST TRUST OF IND L,H
UCL-RE,ST,USHANTI COLOUR CHEM LTD,H
UMESLTD,EQ,USHA MARTIN EDU & SOL LTD,H
VIJIFIN,EQ,VIJI FINANCE LIMITED,H
VISASTEEL,BE,VISA STEEL LIMITED,H
WINDMACHIN,EQ,WINDSOR MACHINES LIMITED,H
WINSOME,BZ,WINSOME YARNS LIMITED,H
WOCKPHARMA,EQ,WOCKHARDT LIMITED,H
WOMANCART,ST,WOMANCART LIMITED,H
21STCENMGM,BE,21ST CENTURY MGMT SERVICE,L
63MOONS,EQ,63 MOONS TECHNOLOGIES LTD,L
82GS2025,GS,GOI LOAN 8.20% 2025,L
A2ZINFRA,EQ,A2Z INFRA ENGINEERING LTD,L
AAKASH,EQ,AAKASH EXPLORATION SER L,L
AAREYDRUGS,BE,AAREY DRUGS & PHARM LTD,L
AARTISURF,BE,AARTI SURFACTANTS LIMITED,L
ABAN,EQ,ABAN OFFSHORE LTD.,L
ABMINTLLTD,BE,ABM INTERNATIONAL LTD,L
ADROITINFO,EQ,ADROIT INFOTECH LIMITED,L
AGUL,SM,A G UNIVERSAL LIMITED,L
AIMTRON,ST,AIMTRON ELECTRONICS LTD,L
AIRAN,BE,AIRAN LIMITED,L
AJOONI,BE,AJOONI BIOTECH LIMITED,L
AKANKSHA,SM,AKANKSHA POWER N INFRA L,L
AKUMS,EQ,AKUMS DRUGS AND PHARMA L,L
ALPEXSOLAR,SM,ALPEX SOLAR LIMITED,L
ALUWIND,ST,ALUWIND ARCHITECTURAL LTD,L
ANKITMETAL,BZ,ANKIT MET & POW LTD,L
ANLON,SM,ANLON TECHNOLOGY SOL LTD,L
ARCHIDPLY,EQ,ARCHIDPLY IND. LTD,L
ARISTO,ST,ARISTO BIO T AND LIFESC L,L
ARROWGREEN,EQ,ARROW GREENTECH LIMITED,L
ASAHISONG,BE,ASAHI SONGWON COLOR LTD,L
ASHALOG,ST,ASHAPURA LOGISTICS LTD,L
ASHIMASYN,BE,ASHIMA LTD,L
ASPIRE,SM,ASPIRE & INNOVATIVE ADV L,L
ATALREAL,BE,ATAL REALTECH LIMITED,L
ATULAUTO,EQ,ATUL AUTO LIMITED,L
AURIONPRO,EQ,AURIONPRO SOLN LTD,L
AURUMPP1,X1,AURUM RS. 3.12 PPD UP,L
AYMSYNTEX,BE,AYM SYNTEX LIMITED,L
BAHETI,ST,BAHETI RECYCLING IND LTD,L
BANKA,EQ,BANKA BIOLOO LIMITED,L
BASILIC,SM,BASILIC FLY STUDIO LTD,L
BBOX,EQ,BLACK BOX LIMITED,L
BGRENERGY,EQ,BGR ENERGY SYSTEMS LTD,L
BHAGERIA,BE,BHAGERIA INDUSTRIES LTD,L
BIL,BE,BHARTIYA INETRNATIONAL LT,L
BINANIIND,BE,BINANI INDUSTRIES LTD,L
BIRDYS,SM,GRILL SPLENDOUR SER LTD,L
CALSOFT,BE,CALIFORNIA SOFTWARE CO LT,L
CAPTRUST,BE,CAPITAL TRUST LIMITED,L
CAREERP,BE,CAREER POINT LIMITED,L
CCCL,BE,CONS. CONST. CONSORT LTD,L
CELLECOR,ST,CELLECOR GADGETS LIMITED,L
CENTEXT,BE,CENTURY EXTRUSIONS LTD,L
CINEVISTA,EQ,CINEVISTA LIMITED,L
CMMIPL,ST,CMM INFRAPROJECTS LIMITED,L
CMRSL,SM,CYBER MEDIA RES & SER LTD,L
CONTI,ST,CONTINENTAL SEED CHEM LTD,L
CPS,ST,C P S SHAPERS LIMITED,L
CTE,BE,CAMBRIDGE TECH ENTER LTD,L
CYBERTECH,BE,CYBERTECH SYSTEMS & SOFTW,L
DCG,SM,DCG CABLES & WIRES LTD,L
DCI,EQ,DC INFOTECH AND COMUN LTD,L
DCMNVL,EQ,DCM NOUVELLE LIMITED,L
DCXINDIA,EQ,DCX SYSTEMS LIMITED,L
DESTINY,ST,DESTINY LOGISTICS & I LTD,L
DIACABS,BE,DIAMOND POWER INFRA LTD,L
DIFFNKG,EQ,DIFFUSION ENGINEERS LTD,L
DIGIDRIVE,EQ,DIGIDRIVE DISTRIBUTORS L,L
DIGIKORE,SM,DIGIKORE STUDIOS LIMITED,L
DNAMEDIA,BE,DILIGENT MEDIA CORP LTD.,L
DRCSYSTEMS,EQ,DRC SYSTEMS INDIA LIMITED,L
DREDGECORP,EQ,DREDGING CORP OF INDIA,L
DRONE,ST,DRONE DESTINATION LIMITED,L
DUCOL,SM,DUCOL ORGS AND COLOURS LT,L
DUCON,EQ,DUCON INFRATECHNOLOGIES L,L
E2E,BE,E2E NETWORKS LIMITED,L
EFFWA,ST,EFFWA INFRA & RESEARCH L,L
EIFFL,BE,EURO (I) FRESH FOODS LTD,L
ELECTHERM,EQ,ELECTROTHERM (I) LTD.,L
EPACK,BE,EPACK DURABLE LIMITED,L
EROSMEDIA,BZ,EROS INTL MEDIA LTD,L
ESSARSHPNG,BE,ESSAR SHIPPING LTD,L
EXICOM,EQ,EXICOM TELE SYSTEMS LTD,L
FLEXITUFF,BE,FLEXITUFF VENTURES INT L,L
GALLANTT,BE,GALLANTT ISPAT LIMITED,L
GANGAFORGE,EQ,GANGA FORGING LIMITED,L
GATECHDVR,BE,GACM TECHNOLOGIES LIMITED,L
GAYAPROJ,BZ,GAYATRI PROJECTS LTD,L
GEPIL,EQ,GE POWER INDIA LIMITED,L
GLOBALE,BE,GLOBALE TESSILE LIMITED,L
GLOBALVECT,BE,GLOBAL VEC HELICORP LTD,L
GLOBE,EQ,GLOBE TEXTILES (I) LTD.,L
GMRP&UI,EQ,GMR POW AND URBAN INFRA L,L
GOKUL,BE,GOKUL REFOILS & SOLV LTD,L
GRAPHISAD,ST,GRAPHISADS LIMITED,L
GRPLTD,BE,GRP LIMITED,L
GSTL,SM,GLOBESECURE TECHNO LTD,L
GTECJAINX,BE,G-TEC JAINX EDUCATION LTD,L
GUJAPOLLO,BE,GUJ. APOLLO IND. LTD.,L
GUJRAFFIA,EQ,GUJARAT RAFFIA INDUST LTD,L
GVKPIL,BE,GVK POW. & INFRA LTD.,L
GVT&D,BE,GE VERNOVA T&D INDIA LTD,L
HBSL,EQ,HB STOCKHOLDINGS LIMITED,L
HCL-INSYS,BE,HCL INFOSYSTEMS-DEPO SETT,L
HECPROJECT,BE,HEC INFRA PROJECTS LTD,L
HEXATRADEX,EQ,HEXA TRADEX LIMITED,L
HINDNATGLS,BE,HIND NATL GLASS & IND LTD,L
HIRECT,EQ,HIND RECTIFIER LIMITED,L
HOLMARC,ST,HOLMARC OPTO MECHATRO L,L
HOMESFY,SM,HOMESFY REALTY LIMITED,L
HRHNEXT,ST,HRH NEXT SERVICES LIMITED,L
HUBTOWN,BE,HUBTOWN LIMITED,L
IEL,EQ,INDIABULLS ENT LTD,L
IITL,BE,INDUSTRIAL INV TRUST LTD,L
IMPEXFERRO,BZ,IMPEX FERRO TECH LIMITED,L
INCREDIBLE,BE,INCREDIBLE INDUSTRIES LTD,L
INFOLLION,ST,INFOLLION RESEARCH SER L,L
IPHL,ST,INDIAN PHOSPHATE LIMITED,L
IPSL,ST,INTEGRATED PERSO SER LTD,L
ITALIANE,ST,ITALIAN EDIBLES LIMITED,L
IWEL,EQ,INOX WIND ENERGY LIMITED,L
IZMO,BE,IZMO LIMITED,L
JAIBALAJI,EQ,JAI BALAJI INDUSTRIES LTD,L
JETFREIGHT,BE,JET FREIGHT LOGISTICS LTD,L
JFLLIFE,SM,JFL LIFE SCIENCES LIMITED,L
K2INFRA,SM,K2 INFRAGEN LIMITED,L
KAPSTON,EQ,KAPSTON SERVICES LIMITED,L
KAVVERITEL,BE,KAVVERI TEL. LTD.,L
KAYA,BE,KAYA LIMITED,L
KCEIL,SM,KAY CEE ENERGY & INFRA L,L
KCPSUGIND,BE,KCPSUGARINDUS,L
KITEX,EQ,KITEX GARMENTS LTD,L
KNAGRI,ST,KN AGRI RESOURCES LIMITED,L
KONSTELEC,SM,KONSTELEC ENGINEERS LTD,L
KORE,SM,JAY JALARAM TECHNO LTD,L
KRISHCA,SM,KRISHCA STRAPPING SLTN L,L
KRITI,BE,KRITI INDUSTRIES IND LTD,L
KRITINUT,BE,KRITI NUTRIENTS LIMITED,L
KTL,ST,KALAHRIDHAAN TRENDZ LTD,L
LFIC,BE,LAKSHMI FIN IND CORP LTD,L
LIBERTSHOE,BE,LIBERTYSHOESLTD,L
LLOYDSENT,EQ,LLOYDS ENTERPRISES LTD,L
LOYALTEX,EQ,LOYAL TEXTILE MILLS LTD,L
MAANALU,BE,MAAN ALUMINIUM LIMITED,L
MACPOWER,EQ,MACPOWER CNC MACHINES LTD,L
MAITREYA,ST,MAITREYA MEDICARE LIMITED,L
MANAKALUCO,EQ,MANAK ALUMINIUM CO. LTD.,L
MBECL,BZ,MCNALLY BH. ENG. CO.LTD,L
MBLINFRA,BE,MBL INFRASTRUCTURE LTD,L
MEGASOFT,BE,MEGASOFT LTD,L
MEGATHERM,SM,MEGATHERM INDUCTION LTD,L
MICEL,EQ,MIC ELECTRONICS LTD,L
MINDTECK,BE,MINDTECK (INDIA) LIMITED,L
MIRCELECTR,BE,MIRCELECTR-DEPO,L
MMP,BE,MMP INDUSTRIES LIMITED,L
MODISONLTD,BE,MODISON LIMITED,L
MOTISONS,BE,MOTISONS JEWELLERS LTD,L
MOTOGENFIN,EQ,MOTOR & GENERAL FINANCE L,L
MOXSH,SM,MOXSH OVERSEAS EDUCON LTD,L
MUKTAARTS,BE,MUKTA ARTS LIMITED,L
NAMAN,ST,NAMAN IN-STORE (INDIA) L,L
NAMOEWASTE,ST,NAMO EWASTE MANAGEMENT L,L
NBIFIN,EQ,N.B.I. IND. FIN. CO. LTD,L
NDGL,BE,NAGA DHUNSERI GROUP LTD,L
NEXTMEDIA,BE,NEXT MEDIAWORKS LIMITED,L
NIBL,BE,NRB INDUS. BEARINGS LTD.,L
NITIRAJ,EQ,NITIRAJ ENGINEERS LTD,L
NKIND,EQ,NK INDUSTRIES LTD,L
NOIDATOLL,EQ,NOIDA TOLL BRIDGE CO LTD,L
NOVAAGRI,BE,NOVA AGRITECH LIMITED,L
NPST,SM,NETWORK PEOPLE SRV TECH L,L
NRL,BE,NUPUR RECYCLERS LIMITED,L
OILCOUNTUB,BE,OIL COUNTRY TUBULAR LTD.,L
OPTIEMUS,BE,OPTIEMUS INFRACOM LTD,L
ORIANA,SM,ORIANA POWER LIMITED,L
OSIAHYPER,BE,OSIA HYPER RETAIL LIMITED,L
PANSARI,EQ,PANSARI DEVELOPERS LTD,L
PARAS,EQ,PARAS DEF AND SPCE TECH L,L
PASUPTAC,BE,PASUPATI ACRYLON LIMITED,L
PCJEWELLER,BE,PC JEWELLER LTD,L
PELATRO,SM,PELATRO LIMITED,L
PFOCUS,EQ,PRIME FOCUS LIMITED,L
PHOGLOBAL,ST,PHOENIX OVERSEAS LIMITED,L
POCL,EQ,PONDY OXIDES & CHEM LTD,L
PRATHAM,ST,PRATHAM EPC PROJECTS LTD,L
PRAXIS,BE,PRAXIS HOME RETAIL LTD,L
PRECOT,EQ,PRECOT LIMITED,L
PREMEXPLN,EQ,PREMIER EXPLOSIVES LTD,L
PREMIERPOL,BE,PREMIER POLYFILMS LTD,L
PRESSTONIC,SM,PRESSTONIC ENGINEERING L,L
PRIZOR,ST,PRIZOR VIZTECH LIMITED,L
PTCIL,EQ,PTC INDUSTRIES LIMITED,L
PURVA,EQ,PURAVANKARA LIMITED,L
QUADPRO,SM,QUADPRO ITES LIMITED,L
RAJRILTD,BE,RAJ RAYON INDUSTRIES LTD,L
RANEENGINE,BE,RANE ENG VALVE LTD,L
RATNAVEER,BE,RATNAVEER PRECISION ENG L,L
REFEX,BE,REFEX INDUSTRIES LIMITED,L
REGENCERAM,BE,REGENCYCERAMICS-LTD,L
RELIABLE,EQ,RELIABLE DATA SERVICE LTD,L
RELINFRA,BE,RELIANCE INFRASTRUCTU LTD,L
RELTD,BE,RAVINDRA ENERGY LIMITED,L
RETAIL,BE,JHS SVENDGAARD RETAIL V L,L
REVATHIEQU,BE,REVATHI EQUIPMENT INDIA L,L
RHFL,BE,RELIANCE HOME FINANCE LTD,L
RICHA,SM,RICHA INFO SYSTEMS LTD,L
RKEC,EQ,RKEC PROJECTS LIMITED,L
RPOWER,BE,RELIANCE POWER LTD.,L
RSSOFTWARE,BE,R. S. SOFTWARE (INDIA) LI,L
RTNPOWER,EQ,RATTANINDIA POWER LIMITED,L
SADBHAV,EQ,SADBHAV ENGINEERING LTD,L
SAHAJSOLAR,ST,SAHAJ SOLAR LIMITED,L
SAMPANN,EQ,SAMPANN UTPADAN INDIA LTD,L
SANWARIA,BZ,SANWARIA CONSUMER LIMITED,L
SARLAPOLY,BE,SARLA PERF. FIBERS LTD,L
SCPL,BE,SHEETAL COOL PRODUCTS LTD,L
SEQUENT,BE,SEQUENT SCIENTIFIC LTD.,L
SERVOTECH,EQ,SERVOTECH POWER SYS LTD.,L
SETUINFRA,BZ,SETUBANDHAN INFRA LTD,L
SHAHALLOYS,BE,SHAH ALLOYS LIMITED,L
SHAKTIPUMP,BE,SHAKTI PUMPS (I) LTD,L
SHIVAMAUTO,BE,SHIVAM AUTO.LTD,L
SHREEKARNI,SM,SHREE KARNI FABCOM LTD,L
SHREEPUSHK,BE,SHRE PUSH CHEM & FERT LTD,L
SHUBHLAXMI,ST,SHUBHLAXMI JEWEL ART LTD,L
SHUBHSHREE,ST,SHUBHSHREE BIOFUELS ENE L,L
SICALLOG,BE,SICAL LOGISTICS LIMITED,L
SILINV,BE,SIL INVESTMENTS LIMITED,L
SIMPLEXINF,BE,SIMPLEX INFRASTRUCTURES L,L
SITINET,BE,SITI NETWORKS LIMITED,L
SMSLIFE,BE,SMS LIFESCIENCES (I) LTD,L
SOLARAPP,E1,SOLAR ACT RS.3.50 PPD UP,L
SOLEX,SM,SOLEX ENERGY LIMITED,L
SONUINFRA,SM,SONU INFRATECH LIMITED,L
SPECTSTM,ST,SPECTRUM TALENT MGMT LTD,L
SPMLINFRA,BE,SPML INFRA LIMITED,L
SRHHYPOLTD,EQ,SREE RAYALSEEMA HHP LTD.,L
STEL,BE,STEL HOLDINGS LIMITED,L
SUMIT,BE,SUMIT WOODS LIMITED,L
SUNDRMBRAK,BE,SUNDARAMBRAKE LININGS LTD,L
SUPREMEPWR,ST,SUPREME POWER EQUIPMENT L,L
SURAJEST,EQ,SURAJ ESTATE DEVELOPERS L,L
SURANASOL,BE,SURANA SOLAR LIMITED,L
SURANAT&P,EQ,SURANA TELECOM AND POW LT,L
SUULD,BE,SUUMAYA INDUSTRIES LTD,L
SUZLON,EQ,SUZLON ENERGY LIMITED,L
SVLL,BE,SHREE VASU LOGISTICS LTD,L
SWSOLAR,EQ,STRLNG & WIL REN ENE LTD,L
TAPIFRUIT,SM,TAPI FRUIT PROCESSING LTD,L
TARC,EQ,TARC LIMITED,L
TARIL,BE,TRANS & RECTI. LTD,L
TCLCONS,BE,TANTIA CONSTRUCTIONS LTD,L
TECHERA,SM,TECHERA ENGINEER (IND) L,L
TECHIN,BZ,TECHINDIA NIRMAN LIMITED,L
TECHLABS,SM,TRIDENT TECHLABS LIMITED,L
TECHNOE,EQ,TECHNO ELEC & ENG CO. LTD,L
TFL,BE,TRANSWARRANTY FIN. LTD.,L
TIL,BE,TIL LTD,L
TOTAL,EQ,TOTAL TRANSPORT SYS LTD,L
TOUCHWOOD,EQ,TOUCHWOOD ENTERTAIN LTD.,L
TRUST,SM,TRUST FINTECH LIMITED,L
TVSHLTD,BE,TVS HOLDINGS LIMITED,L
UNIVASTU,EQ,UNIVASTU INDIA LIMITED,L
V2RETAIL,BE,V2 RETAIL LIMITED,L
VAISHALI,BE,VAISHALI PHARMA LIMITED,L
VAKRANGEE,EQ,VAKRANGEE LIMITED,L
VARDMNPOLY,BE,VARDHMAN POLYTEX LTD.,L
VASWANI,BE,VASWANI IND LTD,L
VCL,BE,VAXTEX COTFAB LIMITED,L
VERANDA,EQ,VERANDA LEARNING SOL LTD,L
VETO,BE,VETO SWITCHGEAR CABLE LTD,L
VIPCLOTHNG,BE,VIP CLOTHING LIMITED,L
VIPULLTD,BE,VIPUL LIMITED,L
VLEGOV,BE,VL E GOV AND IT SOL LTD,L
VLINFRA,ST,V.L.INFRAPROJECTS LIMITED,L
WALPAR,SM,WALPAR NUTRITIONS LIMITED,L
WANBURY,BE,WANBURY LIMITED,L
WEALTH,EQ,WEALTH FRST PORT. MG. LTD,L
WEBELSOLAR,EQ,WEBSOL ENERGY SYSTEM LTD,L
WELINV,EQ,WELSPUN INV & COMM LTD,L
WINSOME,BZ,WINSOME YARNS LIMITED,L
WOMANCART,ST,WOMANCART LIMITED,L
YAARI,EQ,YAARI DIGI INT SER LTD,L
ZEELEARN,EQ,ZEE LEARN LIMITED,L
ZEEMEDIA,BE,ZEE MEDIA CORPORATION LTD,L
ZENITHDRUG,ST,ZENITH DRUGS LIMITED,L
ZENITHSTL,BE,ZENITH STEEL PIP IND LTD,L
ZODIAC,BE,ZODIAC ENERGY LIMITED,L
ZODIACLOTH,EQ,ZODIAC CLOTHING CO. LTD.,L
