Sr. No,Symbol,Series,Security Name,From,To
1,AKUMS,EQ,AKUMS DRUGS AND PHARMACEUTICALS LIMITED,10,5
2,AWHCL,EQ,ANTONY WASTE HANDLING CELL LIMITED,10,5
3,NAMOEWASTE,ST,NAMO EWASTE MANAGEMENT LIMITED,10,5
4,DANISH,SM,DANISH POWER LIMITED,5,20
5,DYNAMIC,ST,DYNAMIC SERVICES & SECURITY LIMITED,5,2
6,MADHUCON,BE,MADHUCON PROJECTS LIMITED,5,2
7,MAHSCOOTER,EQ,MAHARASHTRA SCOOTERS LIMITED,5,20
8,OBSCP,SM,OBSC PERFECTION LIMITED,5,20
9,OCCLLTD,EQ,OCCL LIMITED,5,20
10,PILANIINVS,EQ,PILANI INVESTMENT AND INDUSTRIES CORPORATION LIMITED,5,20
11,SHRADHA,BE,SHRADHA INFRAPROJECTS LIMITED,5,2
12,SJLOGISTIC,ST,S J LOGISTICS (INDIA) LIMITED,5,2
13,SSFL,ST,SRIVARI SPICES AND FOODS LIMITED,5,2
14,TECILCHEM,BE,TECIL CHEMICALS AND HYDRO POWER LIMITED,5,2
15,UHTL,SM,UNITED HEAT TRANSFER LIMITED,5,20
