GAIN_LOSS,SECURITY,CLOSE_PRIC,PREV_CL_PR,PERCENT_CG
 ,Nifty 50 Sec., , , 
 , , , , 
G,BRITANNIA INDUSTRIES LTD,      5046.50,      5027.55,.38
G,NTPC LTD,       381.35,       380.30,.28
G,TATA MOTORS LIMITED,       786.25,       784.85,.18
G,HINDUSTAN UNILEVER LTD.,      2464.95,      2461.50,.14
 , , , , 
L,HERO MOTOCORP LIMITED,      4519.60,      4724.20,-4.33
L,HINDALCO  INDUSTRIES  LTD,       626.60,       651.65,-3.84
L,TATA STEEL LIMITED,       139.17,       144.17,-3.47
L,MAHINDRA & MAHINDRA LTD,      2798.95,      2898.55,-3.44
L,EICHER MOTORS LTD,      4588.70,      4738.20,-3.16
L,ADANI PORT & SEZ LTD,      1287.90,      1326.00,-2.87
L,SHRIRAM FINANCE LIMITED,      2853.85,      2931.20,-2.64
L,BAJAJ AUTO LIMITED,      9452.15,      9678.70,-2.34
L,APOLLO HOSPITALS ENTER. L,      6858.85,      7019.55,-2.29
L,JSW STEEL LIMITED,       935.95,       957.25,-2.23
L,STATE BANK OF INDIA,       808.65,       826.70,-2.18
L,INDUSIND BANK LIMITED,      1036.70,      1059.55,-2.16
L,HDFC BANK LTD,      1681.35,      1718.20,-2.14
L,HDFC LIFE INS CO LTD,       685.05,       700.00,-2.14
L,KOTAK MAHINDRA BANK LTD,      1687.85,      1721.40,-1.95
L,ADANI ENTERPRISES LIMITED,      2816.70,      2870.00,-1.86
L,RELIANCE INDUSTRIES LTD,      1252.05,      1274.25,-1.74
L,COAL INDIA LTD,       406.90,       414.05,-1.73
L,AXIS BANK LIMITED,      1139.15,      1158.15,-1.64
L,BAJAJ FINSERV LTD.,      1664.45,      1691.75,-1.61
L,TATA CONSUMER PRODUCT LTD,       952.75,       967.55,-1.53
L,DR. REDDY S LABORATORIES,      1245.00,      1263.90,-1.5
L,POWER GRID CORP. LTD.,       318.00,       322.70,-1.46
L,OIL AND NATURAL GAS CORP.,       252.55,       256.15,-1.41
L,ICICI BANK LTD.,      1253.70,      1270.60,-1.33
L,CIPLA LTD,      1505.60,      1525.15,-1.28
L,BHARAT PETROLEUM CORP  LT,       305.85,       309.80,-1.28
L,SUN PHARMACEUTICAL IND L,      1779.00,      1800.85,-1.21
L,LARSEN & TOUBRO LTD.,      3547.95,      3591.35,-1.21
L,TATA CONSULTANCY SERV LT,      4150.35,      4197.40,-1.12
 , , , , 
 ,Nifty Next 50 Sec., , , 
 , , , , 
G,ZYDUS LIFESCIENCES LTD,       963.75,       949.75,1.47
G,HAVELLS INDIA LIMITED,      1614.10,      1603.40,0.67
G,GODREJ CONSUMER PRODUCTS,      1183.90,      1176.20,0.65
G,MARICO LIMITED,       597.20,       595.55,0.28
G,SBI CARDS & PAY SER LTD,       680.30,       679.25,0.15
G,DABUR INDIA LTD,       510.85,       510.50,0.07
 , , , , 
L,HINDUSTAN AERONAUTICS LTD,      4066.90,      4243.50,-4.16
L,INDIAN RAILWAY FIN CORP L,       139.62,       145.32,-3.92
L,BANK OF BARODA,       243.30,       252.70,-3.72
L,SAMVRDHNA MTHRSN INTL LTD,       159.89,       166.04,-3.7
L,ADANI ENERGY SOLUTION LTD,       889.85,       924.05,-3.7
L,ADANI GREEN ENERGY LTD,      1468.45,      1524.15,-3.65
L,TATA POWER CO LTD,       399.35,       414.15,-3.57
L,JIO FIN SERVICES LTD,       299.40,       310.25,-3.5
L,JINDAL STEEL & POWER LTD,       858.65,       887.00,-3.2
L,ADANI TOTAL GAS LIMITED,       678.90,       701.20,-3.18
L,CANARA BANK,        98.33,       101.50,-3.12
L,PUNJAB NATIONAL BANK,       100.56,       103.73,-3.06
L,BHARAT ELECTRONICS LTD,       281.55,       290.15,-2.96
L,CHOLAMANDALAM IN & FIN CO,      1205.05,      1239.75,-2.8
L,VARUN BEVERAGES LIMITED,       568.10,       584.30,-2.77
L,INFO EDGE (I) LTD,      7614.95,      7821.30,-2.64
L,LIFE INSURA CORP OF INDIA,       897.90,       921.15,-2.52
L,BAJAJ HOLDINGS & INVS LTD,     10528.65,     10794.15,-2.46
L,SRF LTD,      2197.90,      2253.05,-2.45
L,GAIL (INDIA) LTD,       189.47,       194.15,-2.41
L,ABB INDIA LIMITED,      6802.00,      6964.25,-2.33
L,VEDANTA LIMITED,       434.75,       444.75,-2.25
L,TVS MOTOR COMPANY  LTD,      2385.75,      2440.30,-2.24
L,DLF LIMITED,       748.55,       764.85,-2.13
L,AMBUJA CEMENTS LTD,       545.35,       556.60,-2.02
L,INDIAN OIL CORP LTD,       135.99,       138.79,-2.02
L,ICICI PRU LIFE INS CO LTD,       688.00,       702.10,-2.01
L,ADANI POWER LTD,       547.00,       557.95,-1.96
L,PIDILITE INDUSTRIES LTD,      2988.55,      3040.30,-1.7
L,INTERGLOBE AVIATION LTD,      3848.80,      3912.90,-1.64
 , , , , 
 ,OTHER SECURITIES, , , 
 , , , , 
G,DEV INFO TECHNOLOGY LTD,       168.66,       149.59,12.75
G,USHANTI COLOUR CHEM LTD,        62.75,        57.00,10.09
G,TERA SOFTWARE LIMITED,       155.15,       141.05,10
G,AKASH INFRA-PROJECTS LTD,        35.21,        32.08,9.76
G,USHANTI COLOUR CHEM LTD,        10.30,         9.40,9.57
G,KILITCH DRUGS INDIA LTD,       329.00,       300.80,9.38
G,WINDSOR MACHINES LIMITED,       273.19,       252.17,8.34
G,KNR CONSTRU LTD.,       307.60,       284.30,8.2
G,ADITYA VISION LIMITED,       461.30,       430.25,7.22
G,GLOBAL EDUCATION LIMITED,       178.75,       168.32,6.2
G,INDIFRA LIMITED,        31.60,        30.00,5.33
G,VIMTA LABS LIMITED,       759.95,       722.00,5.26
G,INDIAN EMULSIFIERS LTD,       299.70,       285.00,5.16
G,PRATHAM EPC PROJECTS LTD,       249.90,       238.00,5
G,SLONE INFOSYSTEMS LIMITED,       230.05,       219.10,5
G,GILLANDERS ARBUTHNOT LTD,       106.31,       101.25,5
G,KALYANI FORGE LIMITED,       481.45,       458.55,4.99
G,AUSOM ENTERPRISE LIMITED,       110.17,       104.93,4.99
G,AMBICA AGAR & AROMAINDLTD,        30.50,        29.05,4.99
G,DRS DILIP ROADLINES LTD.,       109.65,       104.45,4.98
G,JALAN TRANSOLU. INDIA LTD,         4.25,         4.05,4.94
G,EXCEL REALTY N INFRA LTD,         1.28,         1.22,4.92
G,VIJI FINANCE LIMITED,         4.13,         3.94,4.82
G,SUVEN PHARMACEUTICALS LTD,      1262.30,      1204.55,4.79
G,KSHITIJ POLYLINE LIMITED,         5.26,         5.02,4.78
G,T T LIMITED,       162.33,       155.39,4.47
G,GAYATRI HIGHWAYS LIMITED,         1.64,         1.57,4.46
G,ORIENTAL AROMATICS LTD,       552.35,       529.45,4.33
G,DOCMODE HEALTH TECH LTD,       103.95,        99.65,4.32
G,PARAMATRIX TECHNOLOGIES L,       101.80,        98.00,3.88
 , , , , 
L,LOYAL TEXTILE MILLS LTD,       425.40,       531.75,-20
L,KONSTELEC ENGINEERS LTD,       139.20,       174.00,-20
L,ASPIRE & INNOVATIVE ADV L,        59.00,        73.75,-20
L,PRESSTONIC ENGINEERING L,        96.40,       120.50,-20
L,KOPRAN LTD,       240.35,       293.10,-18
L,AARTI SURFACTANTS LIMITED,       136.05,       164.00,-17.04
L,WINNY IMMIGRA & EDU SER L,       236.20,       282.80,-16.48
L,TFB 7.37% 2035 SR. 3A,      1142.00,      1360.00,-16.03
L,PYRAMID TECHNOPLAST LTD,       190.95,       226.22,-15.59
L,AATMAJ HEALTHCARE LIMITED,        26.20,        30.45,-13.96
L,LAKSHYA POWERTECH LIMITED,       275.55,       319.20,-13.67
L,W.S.INDUSTRIES (I) LTD.,       112.07,       129.16,-13.23
L,ABS MARINE SERVICES LTD,       206.00,       235.00,-12.34
L,SHIVALIC POWER CONTROL L,       229.00,       259.50,-11.75
L,FAIRCHEM ORGANICS LIMITED,       876.00,       990.85,-11.59
L,JITF INFRALOGISTICS LTD,       704.10,       794.00,-11.32
L,UNITED HEAT TRANSFER LTD,        72.55,        81.80,-11.31
L,SATIA INDUSTRIES LIMITED,        96.83,       109.16,-11.3
L,GREAVES COTTON LTD.,       159.23,       179.19,-11.14
L,SUMMIT SECURITIES LTD,      3163.70,      3559.90,-11.13
L,AURANGABAD DISTILLERY LTD,       258.50,       290.00,-10.86
L,ADROITINFO RS. 5 PPD UP,         6.42,         7.18,-10.58
L,R K SWAMY LIMITED,       204.30,       227.62,-10.25
L,MITTAL LIFE STYLE LIMITED,         2.03,         2.26,-10.18
L,ADROIT INFOTECH LIMITED,        23.00,        25.56,-10.02
L,HB STOCKHOLDINGS LIMITED,        94.90,       105.45,-10
L,NITIRAJ ENGINEERS LTD,       200.09,       222.33,-10
L,PELATRO LIMITED,       344.80,       383.10,-10
L,LOKESH MACHINES LTD,       349.90,       388.50,-9.94
L,WELSPUN INV & COMM LTD,       867.40,       962.15,-9.85
