SECURITY,NEW,PREVIOUS,NEW_STATUS
RADAAN MEDIAWORKS (I) LTD,4.22,4.14,H
SEC RE NCD 9% SR.VI,1000,998,H
BOND 8.40% PA TF TI-SIIA,1164,1158,H
SEC RE NCD 9.90% SR VII,1021.98,1021.85,H
SHRADHA INFRAPROJECTS LTD,201.49,175.66,H
TIRUPATI FORGE LIMITED,55.29,54.28,H
RELIABLE DATA SERVICE LTD,94.74,90.23,H
SLONE INFOSYSTEMS LIMITED,230.05,219.1,H
GOI TBILL 364D-13/03/25,98.1,97.73,H
TERA SOFTWARE LIMITED,155.15,141.05,H
TARAPUR TRANSFORMERS LTD,32.56,31.93,H
USHANTI COLOUR CHEM LTD,10.3,9.4,H
A B INFRABUILD LIMITED,97.2,96.6,H
NAMO EWASTE MANAGEMENT L,231,177,H
SUPER SPINNING MILLS LTD,12.53,12.29,H
GOI TBILL 364D-18/04/25,97.01,96.88,H
GOI TBILL 364D-05/06/25,96.2,94.5,H
GOI TBILL 182D-06/03/25,97.8,97.6,H
ELECTROTHERM (I) LTD.,1317,1210.45,H
GOI TBILL 364D-29/05/25,96.26,95.96,H
AVP INFRACON LIMITED,181.15,177.6,H
AARVEE DEN. & EXP. LTD,63.18,61.95,H
UTSSAV CZ GOLD JEWELS LTD,241.85,237.15,H
WINDSOR MACHINES LIMITED,277.38,253.2,H
AMEYA PRECISION ENG LTD,115.5,113.05,H
PANACHE DIGILIFE LIMITED,215.83,211.6,H
NEUEON TOWERS LIMITED,3.75,3.58,H
DIGICONTENT LIMITED,48.3,47.36,H
GOI TBILL 364D-26/12/24,99.2,99,H
TV VISION LIMITED,21.7,21.28,H
GOI TBILL 182D-28/11/24,99.54,99.53,H
SRI ADHIKARI BRO TELE N L,1585.75,1554.7,H
SEC RE NCD 8.75% SR.VII,960,955.06,H
ESSEN SPECIALITY FILMS L,730,729.3,H
AKI INDIA LIMITED,17.16,18.16,L
AMBEY LABORATORIES LTD,56.1,57,L
L&T FINANCE LIMITED,134.1,137.66,L
HP ADHESIVES LIMITED,79.6,79.68,L
ICICIPRAMC - OILIETF,10.89,11.09,L
DIGIDRIVE DISTRIBUTORS L,38.94,40.6,L
SOBHA RS.5.00 PPD UP,675,681.85,L
STANLEY LIFESTYLES LTD,432.35,439.2,L
AKUMS DRUGS AND PHARMA L,612.7,644.95,L
ABHISHEK INTEGRATIONS LTD,66.8,68.15,L
ADITYA BIRLA REAL EST LTD,2511,2562.05,L
IND SWIFT LABORATORIES LT,107.8,108.78,L
BRAINBEES SOLUTIONS LTD,514.5,518.35,L
UNICOMMERCE ESOLUTIONS L,183,187.1,L
VILAS TRANSCORE LIMITED,511.8,522.25,L
AURUM PROPTECH LIMITED,224.73,229.32,L
SAGILITY INDIA LIMITED,27.02,28.95,L
UNIPARTS INDIA LIMITED,425,430.3,L
GACM TECHNOLOGIES LIMITED,0.76,0.78,L
SEMAC CONSULTANTS LIMITED,370,380,L
SHREEOSWAL S AND CHE LTD,21.3,21.51,L
MIRAEAMC - EVINDIA,29.75,30.5,L
MANDEEP AUTO INDUSTRIES L,38.95,39.65,L
GACM TECHNOLOGIES LIMITED,0.82,0.84,L
DURLAX TOP SURFACE LTD,54.2,55.7,L
ZENITH EXPORTS LTD,274.9,280.5,L
REVATHI EQUIPMENT INDIA L,1983.1,2012,L
CEIGALL INDIA LIMITED,302,310,L
INDIAN PHOSPHATE LIMITED,93.8,95,L
DJ MEDIAPRINT & LOG LTD,114.98,115.61,L
EXCELLENT WIRES N PACK L,67.5,68,L
HINDUSTAN MOTORS LIMITED,23.16,23.64,L
KALANA ISPAT LIMITED,35.6,36.25,L
LASA SUPERGENERICS LTD,26.28,26.82,L
MCNALLY BH. ENG. CO.LTD,3.06,3.23,L
POSITRON ENERGY LIMITED,340.85,344.65,L
SEJAL GLASS LIMITED,589.1,601,L
SHANKAR LAL RAMPAL LTD,60,62,L
NECTAR LIFESCIENCES LTD.,34.57,35.28,L
POPULAR VEHICLES N SER L,156,162,L
SBIAMC - SBINEQWETF,29.65,30,L
MOTILALAMC - MOMENTUM50,56.1,57.09,L
MOTISONS JEWELLERS LTD,27.85,29.3,L
WESTERN CARRIERS (IND) L,121,123.5,L
BAID FINSERV LIMITED,14,14.01,L
ISHAN INTERNATIONAL LTD,2.55,2.6,L
TOLINS TYRES LIMITED,156.4,159.2,L
GROWWAMC - GROWWGOLD,74.11,74.6,L
KONTOR SPACE LIMITED,139,141.8,L
LAKSHYA POWERTECH LIMITED,274.4,302.35,L
SEC RE NCD 9.71% SR.VIII,850,851,L
TVS ELECTRONICS LTD,360.95,368.3,L
RACHANA INFRA LTD,48.35,49.3,L
ARVIND AND COMPANY,97.8,99.8,L
FELIX INDUSTRIES LTD.,198.25,202.3,L
SANGANI HOSPITALS LIMITED,73.5,75,L
PREMIUM PLAST LIMITED,36,37,L
ORIENTAL CARBN & CHEM LTD,234,239.05,L
PENTAGON RUBBER LIMITED,83,88.1,L
UTKARSH SMALL FIN BANK L,34.91,36.36,L
ASPIRE & INNOVATIVE ADV L,59,61,L
KONSTELEC ENGINEERS LTD,139.2,145.05,L
FALCON TECHNOPROJ IND LTD,40.1,40.85,L
MIRAEAMC - MULTICAP,15.25,15.54,L
VIBHOR STEEL TUBES LTD,225.15,228.2,L
RADHIKA JEWELTECH LIMITED,99.3,103.98,L
WONDER ELECTRICALS LTD,126.75,151.65,L
INNOMET ADVANCED MATERI L,170,173,L
DEEPAK BUILDERS & ENG I L,144.8,150,L
AION-TECH SOLUTIONS LTD,75.73,77.28,L
NUPUR RECYCLERS LIMITED,102.37,102.95,L
MASTER TRUST LIMITED,161.26,171.25,L
EROS INTL MEDIA LTD,15.44,15.5,L
VEEDOL CORPORATION LTD,1730,1789,L
NANDAN DENIM LIMITED,5.46,5.58,L
GOI TBILL 91D-30/01/25,98.4,98.45,L
S A TECH SOFTWARE INDIA L,152.2,155.3,L
G-TEC JAINX EDUCATION LTD,37.99,39.99,L
KSHITIJ POLYLINE LIMITED,4.94,4.95,L
RAVINDRA ENERGY LIMITED,118.37,119.55,L
EDELAMC - EBANKNIFTY,50.19,50.24,L
MANGLAM INFRA & ENG LTD,45.65,46.05,L
PASUPATI ACRYLON LIMITED,42.37,44,L
COCHIN SHIPYARD LIMITED,1308,1340,L
SHRENIK LIMITED,0.74,0.76,L
BAAZAR STYLE RETAIL LTD,315.9,317.1,L
TREE HOUSE EDU LTD,16.12,16.41,L
USHA FINANCIAL SERVICES L,120,125.8,L
HINDWARE HME INOVATON LTD,31,37.05,L
ASHAPURA LOGISTICS LTD,84.65,89.1,L
NEPHRO CARE INDIA LIMITED,235.2,240,L
GAYATRI RUBB AND CHEM LTD,470.4,478.25,L
REFRACTORY SHAPES LIMITED,120.55,123,L
TRANSTEEL SEATING TECH L,50,53,L
AKME FINTRADE (INDIA) LTD,88,90.7,L
FEDBANK FINANCIAL SER L,98,99.72,L
RISHABH INSTRUMENTS LTD,318.15,324.05,L
AARTECH SOLONICS LIMITED,58.81,59.66,L
ANMOL INDIA LIMITED,27.96,29.26,L
LOYAL TEXTILE MILLS LTD,425.4,484.2,L
HINDWARE HME INOVATON LTD,257.2,259.95,L
ESAF SMALL FINANCE BANK L,41.95,42.01,L
VIRINCHI LIMITED,27.55,27.7,L
ECOS (INDIA) MOB & HOSP L,349,357.85,L
DHARIWALCORP LIMITED,128.1,132.1,L
AVANTEL LIMITED,144.45,155.05,L
INTENSE TECHNOLOGIES LTD,134.08,136.82,L
MORARJEE TEXTILES LIMITED,9.44,9.52,L
HYUNDAI MOTOR INDIA LTD,1714,1752,L
BAJAJ HOUSING FINANCE LTD,128.17,128.26,L
KRITI INDUSTRIES IND LTD,168.19,171.15,L
TRUCAP FINANCE LIMITED,21.54,21.98,L
SEC RED NCD 8.65% SR. V,942,950,L
SECUR CREDENTIALS LIMITED,3.42,3.49,L
ATMASTCO LIMITED,188.8,192.65,L
CRAYONS ADVERTISING LTD,98,102,L
SAPPHIRE FOODS INDIA LTD,303.4,308.05,L
ROTO PUMPS LIMITED,236.05,257,L
MUTHOOT MICROFIN LIMITED,191.1,196.6,L
R K SWAMY LIMITED,202.5,218.1,L
SAJ HOTELS LIMITED,44.5,47,L
ICICIPRAMC - VAL30IETF,12.5,12.77,L
KAMDHENU VENTURES LIMITED,19.39,19.79,L
KORE DIGITAL LIMITED,2115.15,2158.3,L
LMW LIMITED,15120,15511.65,L
SWARAJ SUITING LIMITED,257,262.2,L
SHEETAL COOL PRODUCTS LTD,330.55,335.05,L
GARUDA CONSTRUCT N ENG L,83.1,84.85,L
TEERTH GOPICON LIMITED,472.4,482,L
EDELAMC - EMULTIMQ,44.21,45.44,L
ESCONET TECHNOLOGIES LTD,463.95,473.4,L
AKSHAR SPINTEX LIMITED,0.72,0.73,L
SPORTKING INDIA LIMITED,96.1,96.51,L
TATA TECHNOLOGIES LIMITED,956.65,970.1,L
AVONMORE CAP&MGT SERV LTD,14.5,14.56,L
AXITA COTTON LIMITED,13.92,14.01,L
MOXSH OVERSEAS EDUCON LTD,38,40,L
PHOENIX OVERSEAS LIMITED,28.35,29.85,L
WINNY IMMIGRA & EDU SER L,228.2,237,L
VAISHALI PHARMA LIMITED,16.24,17.02,L
SEC RE NCD 8.75% SR.VI,930,950,L
GROWWAMC - GROWWEV,29.82,30.5,L
GRASIM RE. 1 PPD UP,1555,1575,L
BIKEWO GREEN TECH LIMITED,29.5,30.15,L
CHAMAN METALLICS LIMITED,116.65,118.15,L
VARANIUM CLOUD LIMITED,16.8,17.15,L
VINTAGE COFFEE N BVRGS L,114.39,115.6,L
V MARC INDIA LIMITED,469.7,479.25,L
ANI INTEGRATED SERV LTD.,186.2,187.8,L
FRESHARA AGRO EXPORTS LTD,116.05,123,L
BANNARI AM SPIN MILL LTD.,55.19,56.32,L
DIGISPICE TECHNOLOGIES LT,28.7,29.29,L

