SYMBOL,SYMBOL P/E,ADJUSTED P/E
COSMOFIRST,25.29,25.29
HDFCBANK,18.66,18.4
GIPCL,14.61,14.61
INDIANHUME,22.65,22.65
OSWALGREEN,137.36,137.36
HUHTAMAKI,5.28,28.29
KAMATHOTEL,11.53,36.26
APOLLOTYRE,18.4,17.46
PRECWIRE,38.89,38.89
NILKAMAL,26.25,26.25
SEAMECLTD,20.46,21.57
AUROPHARMA,20.45,20.09
GICHSGFIN,6.91,6.91
WSTCSTPAPR,5.62,5.62
GHCL,10.59,10.59
S&SPOWER,182.93,182.93
HIL,88.85,37.53
BPL,20.56,20.56
TFCILTD,14.2,14.2
GTL,1.21,3.72
AGI,23.11,23.11
TATACONSUM,76.18,64.5
ZEEL,28.56,25.72
FMGOETZE,15.82,15.82
ORIENTHOT,73.19,73.19
3MINDIA,64.31,64.31
ANDHRAPAP,9.95,9.95
RALLIS,41.65,41.65
KOPRAN,23.84,23.84
GODFRYPHLP,47.92,45.36
TATAINVEST,123.56,123.56
INGERRAND,54.91,54.91
HINDZINC,24.21,24.04
FINPIPE,21.97,38.09
DCW,240.65,223.54
HEUBACHIND,41.45,41.45
BHEL,474.76,474.76
BAJFINANCE,26.72,26.72
NAVA,9.9,10.74
AUTOAXLES,17.27,17.27
DALMIASUG,12.57,12.57
KHAITANLTD,10.05,10.05
ANDHRSUGAR,31.07,29.42
AUSOMENT,13.97,13.97
JAYAGROGN,15.43,15.43
SILINV,23.14,23.14
BIOFILCHEM,158.02,158.02
SANGAMIND,50.93,43.42
HITECHGEAR,27.26,27.2
SHRIRAMFIN,13.88,13.88
DYNAMATECH,51.57,93.99
JAGSNPHARM,61.19,55.38
MPHASIS,33.88,33.88
INDNIPPON,22.48,22.48
CONCOR,39.2,38.4
HUDCO,17.07,17.07
ADROITINFO,14.62,14.62
JAICORPLTD,82.48,82.48
MAHAPEXLTD,28.83,40.92
ASAHIINDIA,54.1,54.1
KOTHARIPRO,32.94,32.94
SOUTHBANK,5.03,5.03
ITDCEM,26.68,26.68
CYIENT,29.52,28.04
CYBERTECH,22.76,22.76
GOACARBON,16.51,16.51
STCINDIA,21,13.47
RSSOFTWARE,23.59,23.59
NATIONALUM,17.95,20.82
ALEMBICLTD,27.65,27.65
ICDSLTD,32.95,32.95
BSOFT,25.23,25.23
STAR,45.38,42.19
ZYDUSLIFE,22.23,22.23
RAJESHEXPO,191.65,191.65
SHREERAMA,32.14,32.14
IOB,32.84,32.84
GEPIL,134.31,134.31
BLBLIMITED,9.95,9.95
BLUESTARCO,69.01,69.01
PNBGILTS,9.87,10.15
NLCINDIA,17.23,17.23
USHAMART,28.42,28.42
TRIDENT,51.19,51.19
UNITDSPR,74.09,73.04
TCI,29.58,29.37
PONNIERODE,9.54,9.54
SURANAT&P,33.58,33.58
CANBK,5.49,5.49
GODREJIND,29.69,29.69
BAGFILMS,22.4,22.4
WELSPUNLIV,21.26,21.26
UNIENTER,27.06,27.06
MUKANDLTD,20.25,20.25
MAHABANK,8.29,8.29
RKFORGE,46.16,46.07
CCL,33.69,33.69
APARINDS,42.32,42.32
TCS,31.87,31.39
COFORGE,63.96,64.65
INDSWFTLTD,2.91,2.91
PATELENG,14,18.3
JINDALPHOT,52,52
ALLDIGI,17.78,21.84
IIFL,15.06,7.84
SSWL,4.84,14.47
JKPAPER,9.04,9.04
GRANULES,27.97,27.97
GENUSPOWER,77.06,77.06
IMPAL,18.58,18.58
AURIONPRO,52.87,52.87
AIAENG,31.3,31.32
ORIENTCER,37.69,42.71
EKC,18.98,18.63
ENIL,28.92,28.92
JAGRAN,11.54,11.54
M&MFIN,15.47,15.47
KEI,57.82,57.81
SOLARINDS,93.44,93.44
SUNTV,15.3,15.3
RSYSTEMS,42.31,42.31
BALPHARMA,25.06,25.06
RATNAMANI,41.63,41.63
EMAMILTD,38.75,38.51
TECHM,49.9,50.03
ANANTRAJ,71,71
ALICON,28.17,28.17
FIEMIND,22.7,22.7
TORNTPOWER,33.78,33.78
LTFOODS,21.96,21.96
JINDRILL,20.66,20.66
PLASTIBLEN,19.08,19.08
TANLA,18.61,18.61
VEEDOL,25.26,25.26
SARLAPOLY,13.08,13.08
AUTOIND,22.08,22.62
UNOMINDA,72.26,74.52
TIIL,22.89,22.32
REDINGTON,12.67,12.67
LAOPALA,29.95,29.95
ASTRAL,89.52,89.52
BALAMINES,31.35,31.35
NDLVENTURE,352.49,352.49
BFUTILITIE,20.59,20.59
ALPHAGEO,16.43,11.54
INSECTICID,17.4,17.4
HGS,59.82,59.82
ADSL,30.7,30.7
CIEINDIA,22.05,22.05
INDOWIND,37.5,37.5
KSCL,14.49,14.49
ENERGYDEV,45.2,45.2
ADANIPORTS,28.78,27.42
RGL,23.29,23.29
COLPAL,51.65,51.65
ECLERX,30.41,30.33
TARIL,113.32,113.32
DVL,39.05,39.05
PATINTLOG,24.31,24.31
ARIES,13.62,13.62
CEATLTD,21.12,19.63
JKIL,15.33,15.33
KNRCON,10.2,10.2
SEPC,147.55,147.55
NAHARCAP,13.49,13.49
VGUARD,61.19,61.19
TITAGARH,49.29,49.03
BAJAJ-AUTO,34.35,34.35
RPGLIFE,52.82,47.57
RANEENGINE,18.05,15.25
LOTUSEYE,96.75,97.97
UBL,105.12,105.12
ZFCVINDIA,69.09,69.09
TPHQ,19.87,19.87
HINDNATGLS,3.04,1.24
MHRIL,64.36,64.36
EXCEL,76.84,76.84
NHPC,23.79,23.79
AMRUTANJAN,40.55,40.55
SHILPAMED,166.34,179.05
GODREJPROP,50.87,50.87
BEARDSELL,20.26,20.26
WHIRLPOOL,73.88,70.72
THANGAMAYL,56.73,56.73
HATHWAY,42.1,41.73
MANINFRA,27.85,27.85
SJVN,42.98,45.93
KIRLOSIND,14.78,13.23
TI,37.94,36.26
AHLEAST,11.66,11.66
UGARSUGAR,46.22,46.22
DEEPAKNTR,40.64,43.71
ASHOKA,9.58,10.84
OBEROIRLTY,31.29,31.29
IOLCP,19.11,19.11
PENIND,23.99,23.99
ZEELEARN,1.7,7.45
SURANASOL,455.38,455.38
TEXRAIL,50.51,50.51
DHUNINV,17.86,17.86
SYMPHONY,43.4,43.4
VSTTILLERS,32.85,32.77
ASHIANA,46.1,46.1
FILATEX,25.54,25.54
THERMAX,87.83,102.32
RIIL,155.85,155.85
RAYMOND,18.41,18.13
SHREDIGCEM,15.65,15.65
SMLISUZU,19.95,19.95
FACT,,524.78
LMW,83.1,83.1
NELCO,103.63,103.63
LUMAXIND,44.53,44.53
KECL,82.08,286.26
KCP,9.25,8.94
INFY,28.76,28.76
IONEXCHANG,45.66,45.66
IFBIND,55.47,55.47
GNFC,16.81,16.81
BHARATFORG,73.02,65.84
FORCEMOT,22.78,22.78
ARVIND,29.79,29.8
TATAMOTORS,8.71,8.68
LINDEINDIA,136.25,136.25
ESCORTS,35.31,35.31
ASHOKLEY,22.9,23.3
ZUARIIND,1.43,
SUNDARMFIN,31.41,30.12
VEDL,10.98,12.38
RELIANCE,22.34,22.34
BATAINDIA,49.35,70.72
CARBORUNIV,60.85,60.85
BALMLAWRIE,19.28,19.28
MOTOGENFIN,61.52,61.52
PGHL,41.15,39.54
CENTENKA,19.4,19.4
ATFL,593.95,2231.01
EPL,38.66,36.65
SUPREMEIND,60.8,60.8
AEGISLOG,38.87,38.87
WEIZMANIND,23.06,23.06
BBOX,54.57,42.32
JTEKTINDIA,41.53,41.53
ARE&M,23.97,23.97
ADANIENT,56.95,55.04
INDBANK,19.09,19.09
GVT&D,121.02,121.02
ONGC,7.87,7.62
TIL,7.69,
JINDALPOLY,24.71,109.36
BSL,21.63,21.63
JAYNECOIND,166.94,96.33
SOTL,20.73,20.73
WSI,17.2,16.52
SUNFLAG,25.16,25.16
SIMPLEXINF,21.92,21.92
VSTIND,22.59,22.59
UNIVCABLES,48.21,48.21
IFCI,58.72,59.24
M&M,31.13,31.13
KABRAEXTRU,44.86,44.86
POLYPLEX,20.24,20.24
3PLAND,37.9,37.9
SAIL,23.75,16.49
GRAPHITE,20.99,20.99
BBL,34.95,34.95
DCMSHRIRAM,37.22,37.22
MOLDTECH,22.74,22.74
QUESS,27.33,26.71
LLOYDSENGG,86.24,86.24
LTIM,38.19,38.19
MINDTECK,31.83,30.17
SPAL,25.24,25.24
MBAPL,69.04,69.04
CUPID,27.03,27.03
ICICIPRULI,156.3,156.3
JAIPURKURT,12.26,12.26
SAKAR,54.64,54.64
AURDIS,14.21,14.21
PANSARI,62.63,62.63
ARTNIRMAN,103.57,103.57
VBL,73.49,73.49
PODDARMENT,13.68,13.68
JETFREIGHT,8.42,11.76
TCIEXP,31.46,31.46
TERASOFT,25.84,25.75
LIBAS,4.72,4.72
PROLIFE,14.54,14.54
CAPTRUST,81.92,81.92
MAHESHWARI,12.82,12.82
MCL,18.19,18.19
PRICOLLTD,33.55,33.55
STEELCITY,10.88,10.88
KRISHANA,29.93,29.93
GLOBAL,11.36,11.36
NITIRAJ,23.95,23.95
SANGINITA,97.58,97.58
AKASH,30.91,30.91
RADIOCITY,71.98,71.98
URJA,456.63,456.63
EIFFL,247.68,247.68
CREATIVE,24.48,24.48
DEVIT,29.6,29.6
MKPL,29.35,29.35
INFOBEAN,29.61,29.61
BHAGYANGR,34.47,34.47
JALAN,,36.1
GLOBE,15.1,16.64
TEJASNET,48.95,48.95
TRANSWIND,25.92,25.92
DYNPRO,118.31,118.31
WEWIN,29.13,29.13
SMSLIFE,21.38,21.38
VAISHALI,132.19,132.19
GEEKAYWIRE,12.51,12.51
SERVOTECH,201.47,201.47
CHOLAHLDNG,6.89,6.89
WORTH,12.25,12.25
DPWIRES,19.02,19.02
AARVI,19.83,19.83
TIRUPATI,90.24,90.24
AIROLAM,66.89,66.89
RKEC,11.87,11.87
JASH,42.87,42.87
CMMIPL,18.53,18.53
BETA,48.56,48.56
GODREJAGRO,42.45,42.45
DPABHUSHAN,46.11,46.11
TIINDIA,67.15,66.82
NAM-INDIA,33.23,33.23
5PAISA,24.39,24.39
VERTOZ,65.96,65.96
SILVERTUC,48.98,48.98
ICEMAKE,57.7,57.7
INNOVANA,23.01,23.01
TOUCHWOOD,46.06,46.08
MOKSH,12.22,12.22
BCONCEPTS,68.34,68.34
APOLLO,63.29,63.29
SINTERCOM,333.1,333.1
MHHL,8.83,8.83
SOUTHWEST,36.97,38.98
ARVEE,141.93,141.93
BANKA,67.23,67.26
HINDCON,45.34,45.34
SARVESHWAR,43.88,43.88
MACPOWER,46.88,46.88
SUNDARMHLD,31.21,31.21
HAL,34.55,34.55
MITTAL,35.56,66.32
GIRIRAJ,94.28,94.28
KAPSTON,43.14,43.14
CONTI,23.3,
LEMONTREE,55.45,55.45
AVG,17.27,27.1
MMP,29.67,29.67
NARMADA,31.32,31.32
BSHSL,72.23,72.23
MAHICKRA,43.06,43.06
AAKASH,21.39,21.39
GODHA,81.05,81.05
SOFTTECH,151.5,151.5
E2E,262.69,262.69
INDOSTAR,39.47,39.47
SIRCA,39.59,39.59
SVLL,195.95,195.95
PRITI,23.54,23.54
ACCURACY,22.39,22.39
VARROC,16.8,16.8
GANGAFORGE,146.07,148.62
REPL,24.6,24.6
AVROIND,41.93,41.93
HDFCAMC,42.54,42.54
AARON,43.38,43.38
SUMIT,52.9,52.9
LAGNAM,13.07,13.07
RPPL,21.56,21.56
AKG,47.89,47.89
IRCON,22.2,22.2
AHLADA,9.02,9.02
SPECTRUM,141.77,141.77
RAJMET,28.94,28.94
AAVAS,24.56,24.56
KSHITIJPOL,15.91,41.03
GRSE,45.55,45.55
KRITIKA,29.72,29.72
SILGO,22.76,22.76
BBTCL,29.63,29.63
MARINE,83.89,84.18
ATGL,112.63,112.63
SHUBHLAXMI,19.93,19.93
UNIPARTS,19.46,19.46
SHRIRAMPPS,4.67,4.67
SURANI,83.37,83.37
MSTCLTD,20.16,20.02
OSIAHYPER,18.91,18.91
ARVINDFASN,58.82,56.86
RVNL,70.82,70.82
METROPOLIS,75,75
KPITTECH,51.78,51.78
NEOGEN,132.79,132.79
CONFIPET,28.73,28.73
INDIAMART,29.25,29.25
WEL,173.76,173.76
CHEMCON,46.12,46.12
SPANDANA,27.63,27.63
DOLATALGO,9.13,9.13
UJJIVANSFB,5.88,5.88
MAZDOCK,33.54,33.54
SECL,1572.82,1572.82
SAFARI,70.72,70.72
DCI,36.23,36.23
IIFLSEC,14.26,14.26
SAMHI,,154.88
GREENPANEL,43.96,43.96
APOLLOPIPE,61.23,61.23
MGEL,14.92,13.82
ROUTE,23.05,24.2
HOMEFIRST,27.24,27.24
SIGMA,20.03,20.03
EQUITASBNK,16.49,16.49
ROSSARI,32.44,32.44
HINDWAREAP,895.39,895.39
ESAFSFB,4.51,4.51
LIKHITHA,21.07,21.07
ARTEMISMED,69.6,69.6
PATANJALI,67.78,67.78
LGHL,53.78,56.75
ASALCBR,28.24,28.24
BAFNAPH,468.13,253.3
SUVENPHAR,127.53,127.53
STOVEKRAFT,73.87,73.87
KSOLVES,32.34,32.34
HAPPSTMNDS,47.82,49.88
GLAND,42.04,42.04
BOROLTD,75.7,75.7
MAXHEALTH,94.62,94.62
PAVNAIND,68.88,68.88
KALYANKJIL,115.23,115.23
BTML,104.46,104.4
SHAREINDIA,13.17,13.15
SIGACHI,28.7,28.7
ANGELONE,18.77,18.77
NIRAJ,22.53,15.13
CAMS,55.03,55.03
SURYODAY,6.68,6.68
UTIAMC,18.61,18.61
BECTORFOOD,69.13,69.13
ORCHPHARMA,63.76,63.76
INDIGOPNTS,50.68,50.68
LXCHEM,53.69,53.69
MTARTECH,126.7,126.7
ANURAS,62.9,62.9
STYLAMIND,29,28.82
INDIASHLTR,22.64,22.64
CELLO,51.27,51.27
CANARYS,42.19,42.19
DIGIDRIVE,29.22,29.22
DOMS,83.97,83.97
MAITREYA,56.45,56.45
DIGIKORE,65.17,65.17
AMNPLST,49.72,49.72
SARTELE,45.69,45.69
SAIFL,30.6,30.6
PARAGON,17.17,17.17
INOXINDIA,56.42,56.42
GRAPHISAD,62.59,62.36
SHEETAL,34.5,34.5
ROXHITECH,12.39,12.39
JYOTICNC,124.16,119.95
BAJEL,238.8,177.47
TECHLABS,132.15,132.15
SIGNPOST,32.1,32.1
ROCKINGDCE,76.68,76.68
BABAFP,16.34,16.34
SHREEOSFM,40.57,40.57
PRESSTONIC,82.42,82.42
HRHNEXT,401.15,401.15
MEGATHERM,31.89,31.89
KLL,18.86,18.86
AZAD,137.9,137.9
KONSTELEC,43.6,43.6
FONEBOX,90.06,90.06
ITALIANE,62.26,62.26
SUPREMEPWR,36.93,36.93
KCEIL,47.15,45.65
ACCENTMIC,15.86,15.86
COMSYN,53.44,53.44
LAWSIKHO,180.99,180.99
DAVANGERE,47.23,47.23
MAXPOSURE,46.14,46.14
DELAPLEX,17.14,17.14
KOTAKBANK,15.67,18.04
GOLDENTOBC,9.72,11.02
ESABINDIA,54.14,54.14
GABRIEL,29.6,29.6
AARTIIND,36.26,36.52
KSB,69.68,69.68
SURYAROSNI,20.19,20.19
SAKHTISUG,4.22,
HINDUNILVR,56.23,56.17
EIDPARRY,9.31,9.31
BIRLACORPN,27.42,28.01
ASHAPURMIN,12.01,21.56
PEARLPOLY,37.29,37.29
TTKPRESTIG,55.13,55.13
EIMCOELECO,27.55,27.55
SAMBHAAV,34.36,38.81
MOTHERSON,31.66,31.66
AARTIDRUGS,28.54,28.54
WENDT,72.88,72.88
PUNJABCHEM,32.55,32.55
GANESHHOUC,18.57,18.57
GUJRAFFIA,36.83,36.83
INDRAMEDCO,26.84,26.84
SKMEGGPROD,10.68,10.68
TAJGVK,24.29,24.29
KRBL,12.92,12.92
TIPSMUSIC,74.45,74.45
HIKAL,64.52,64.52
ACLGATI,154.3,
JISLJALEQS,115.29,115.29
MPSLTD,29.87,29.87
PNB,8.83,8.83
UNIONBANK,5.96,5.96
DIVISLAB,84.02,84.02
UCOBANK,24.03,24.03
JAIBALAJI,21.18,21.18
SIL,43.92,43.92
BIOCON,22.05,22.77
POONAWALLA,67.38,67.38
EXCELINDUS,45.19,45.19
AMBICAAGAR,8.34,8.34
TEXINFRA,377.96,377.96
KIRLOSENG,32.01,32.12
STEL,59.56,59.56
HFCL,48.58,48.58
LOVABLE,52.42,52.42
MUTHOOTFIN,15.58,15.58
PIIND,39.68,39.68
OMINFRAL,53.69,53.69
DELPHIFX,22.81,22.81
DHANUKA,26.18,26.18
RUSHIL,21.16,21.16
LTF,13.43,13.43
NOCIL,31.71,31.71
DRREDDY,19.5,19.5
CHAMBLFERT,13.82,13.82
MAHSEAMLES,9.62,9.59
COROMANDEL,36.2,36.2
ASIANPAINT,52.87,51.39
ABREL,100.93,100.93
TORNTPHARM,59.18,61.69
HONAUT,72.44,72.44
SUNPHARMA,38.8,38.26
HCC,13.15,
IVP,18.72,18.72
EICHERMOT,35.46,35.46
ZENSARTECH,25.39,25.39
KPIL,38.6,38.6
IGARASHI,139.74,139.74
MUNJALSHOW,19.52,19.52
RANASUG,20.84,20.84
UFLEX,,10.66
SPMLINFRA,54.84,58.84
JUBLPHARMA,33.12,27.23
TATACOMM,55.16,66.75
HLVLTD,48.2,53.11
LIBERTSHOE,82.74,57.15
PCBL,30.51,30.51
OSWALAGRO,375.59,373.15
STYRENIX,20.24,20.24
ELECTCAST,10.57,10.57
AIRAN,12.46,12.46
ARIHANTSUP,25.58,25.58
SHANKARA,19.05,19.05
SIKKO,26.66,26.66
DOLLAR,31.49,31.53
ERIS,50.81,50.81
ACEINTEG,53.33,53.33
SALASAR,53.53,53.53
GANGESSECU,39.79,39.79
TOTAL,739.92,739.92
COCHINSHIP,41.72,41.72
CAPACITE,19.56,19.56
DIAMONDYD,65.21,80.31
GATECHDVR,7.39,7.39
GUFICBIO,52.39,52.39
WELENT,17.72,17.72
KOTARISUG,33.72,33.72
INDOCO,96.34,120.97
SUPRAJIT,48.22,48.22
JSWSTEEL,44.75,43.24
JPPOWER,9.18,7.11
SAKSOFT,30.18,30.18
MANGALAM,25.14,25.14
WELCORP,22.68,22.45
PRIMESECU,26.65,28.81
JSWHL,112.96,112.96
GEOJITFSL,17.78,17.78
MSPL,71.05,71.08
RML,578.18,336.47
SASKEN,45.28,45.28
DCBBANK,6.53,6.53
NAUKRI,147.51,160.92
RUCHIRA,7.81,7.81
NFL,20.72,20.72
HBLPOWER,51.44,48.3
LUMAXTECH,19.39,19.39
PITTIENG,47.58,47.58
ORIENTBELL,1505.65,1505.65
PFC,7,7
PAGEIND,84.61,84.61
ICRA,42.77,42.77
ZENITHSTL,16.58,16.58
SRHHYPOLTD,16.47,14.84
KMSUGAR,13.68,13.68
NELCAST,20.2,32.02
MEGASOFT,232.07,232.07
CENTRALBK,14.24,14.24
PURVA,138.89,138.89
CENTUM,,4010.85
CERA,37.46,37.46
BVCL,16.6,16.6
EXPLEOSOL,19.89,19.89
SUNTECK,75.81,75.81
REFEX,61.2,61.22
JSWENERGY,66.62,66.62
NESTLEIND,67.15,68.47
UNITEDTEA,13.52,13.52
DBREALTY,6.52,6.93
LGBBROSLTD,14.14,14.7
KIRLOSBROS,40.75,40.87
UMESLTD,115.92,115.92
BLISSGVS,17.34,7.63
PRAKASHSTL,4.1,69.52
ORISSAMINE,294,294
GREENPOWER,81.85,85.97
JWL,52.33,52.33
PRESTIGE,72.74,72.74
GRAVITA,55.49,55.49
CLSEL,15.39,15.39
CARYSIL,34.66,34.66
SHAILY,69.43,69.43
MODISONLTD,30.35,29.94
FIBERWEB,12,12
BCLIND,14.61,14.61
BHAGCHEM,188.4,188.4
SBCL,45.21,45.21
SMCGLOBAL,6.84,6.84
QMSMEDI,21.02,21.02
NPST,619.84,619.84
ARIHANTCAP,13.55,13.55
NAZARA,72.68,72.05
IPL,31.06,31.06
GENCON,17.34,17.34
LODHA,59.46,56.82
HLEGLAS,64.04,61.49
SONACOMS,74.95,73.88
UTKARSHBNK,7.9,7.9
DRCSYSTEMS,26.38,26.38
PARAS,93.76,93.76
CRAFTSMAN,43.72,43.72
DODLA,32.8,32.8
JUBLINGREA,62.04,62.01
ROLEXRINGS,33.42,30.08
WALPAR,16.96,16.96
SHYAMMETL,27,27.01
KIMS,60.93,60.93
JSFB,6.05,6.05
TATVA,117.17,117.17
CLEAN,56.16,56.16
GLS,31.8,31.8
ABSLAMC,25.63,25.63
DEEPINDS,21.49,21.56
ZOMATO,310.81,310.81
BEWLTD,27.73,27.73
PIXTRANS,24.9,24.9
MEDIASSIST,64.14,64.14
WINDLAS,33.76,33.76
CARTRADE,56.75,56.75
KRSNAA,42.82,42.82
EQUIPPP,2946.76,2946.76
DEVYANI,,803.42
APTUS,24.23,24.23
SUPRIYA,32.59,32.59
ANMOL,12.7,12.7
BMETRICS,23.69,23.69
VIJAYA,82.35,81.43
AMIORG,87.48,87.26
IWEL,84.64,77.84
VINEETLAB,361.08,361.08
SANSERA,46.45,46.45
BAJAJHCARE,,34.28
PRITIKAUTO,25.18,25.18
AAREYDRUGS,32.36,32.36
GRINFRA,13.55,17.17
INTLCONV,6.99,6.99
REXPIPES,17.44,17.38
STEELCAS,25.97,25.97
HPAL,34.18,34.45
UGROCAP,16.44,16.44
STARHEALTH,32.17,32.17
KPIGREEN,44.58,44.17
SGIL,49.9,49.9
SJS,35.42,35.42
FINOPB,31.64,31.64
NYKAA,912.98,912.98
AWL,45.43,45.43
SAPPHIRE,731.76,393.3
DKEGL,13.59,13.59
PRUDENT,70.14,70.14
NUVOCO,248.63,248.63
GOCOLORS,73.31,73.31
TRACXN,3074.15,3074.15
FUSION,5.5,5.5
COASTCORP,998.07,998.07
MEDPLUS,131.02,131.02
RATEGAIN,47.36,47.36
METROBRAND,75.41,75.41
MICEL,37.87,37.87
FOODSIN,31.85,31.85
PARADEEP,23.7,23.7
ABMINTLLTD,904.94,904.94
KRITI,40.44,40.44
GANESHBE,16.01,16.01
GVPTECH,72.72,72.72
KOTYARK,37.93,37.93
MEDICAMEQ,96.43,96.43
SHIVALIK,53.29,53.29
PRECISION,17.41,17.41
DATAPATTNS,68.36,68.36
JSLL,52.91,52.91
AHL,20.32,20.32
NIDAN,,20.33
ASIANENE,38.41,36.61
NRL,69.47,69.47
CHOICEIN,66.01,66.01
GRWRHITECH,37.11,37.11
CAPITALSFB,10.99,10.99
DCMSRIND,13.41,13.41
EMUDHRA,89.26,89.26
DYCL,42.02,42.02
STARTECK,22.95,22.95
SBC,52.05,52.05
DHRUV,36.03,36.03
RICHA,34.01,34.01
ELIN,67.21,67.21
SHIGAN,44.93,44.93
MADHAVBAUG,51.32,51.32
MHLXMIRU,13.04,13.04
RELCHEMQ,65.04,65.04
SYRMA,76.11,76.11
ZIMLAB,31.3,31.3
CAMPUS,92.07,92.07
RAINBOW,70.99,70.99
AETHER,136.73,69.67
ROTO,43.21,43.21
INDOBORAX,14.53,14.53
RACE,125.24,125.24
AVONMORE,25.77,25.77
DREAMFOLKS,31.96,31.96
AGSTRA,113.84,113.84
SONUINFRA,15.14,15.14
KNAGRI,20.95,20.95
DHARMAJ,24.8,24.8
KRISHIVAL,68.44,68.44
OBCL,45.49,45.49
LICI,14.03,14.03
INDOAMIN,24.89,24.89
PROPEQUITY,22.55,22.55
INOXGREEN,197.64,197.64
FEDFINA,14,14
BIKAJI,73.66,73.66
RITCO,32.13,32.13
SURAJEST,33.31,33.31
VEEKAYEM,42.18,42.18
SKP,64.63,64.63
CHEVIOT,9.38,9.38
HMAAGRO,21.66,21.66
CMRSL,15.35,12.4
KFINTECH,58.29,58.29
DCXINDIA,68.48,68.48
NGLFINE,28.97,28.97
SABAR,9.9,9.9
SWASTIK,27.16,27.16
FIDEL,31.99,31.99
AXITA,27.24,27.24
PLAZACABLE,101.89,101.89
SENCO,41.76,41.76
RADHIKAJWE,24.28,24.28
SPLPETRO,32.62,32.62
RAMRAT,41.16,41.16
CSLFINANCE,10.21,10.21
AGNI,193.01,193.01
KORE,135.06,132.12
GOYALALUM,62.13,62.13
RUSTOMJEE,66.78,66.78
GENSOL,43.41,43.35
DBOL,83.17,83.17
KANDARP,35.89,35.89
GSLSU,46.92,46.92
SPORTKING,13.82,13.82
MANORAMA,103.92,103.92
ARABIAN,29.01,29.01
INNOVACAP,46.14,46.14
GRMOVER,20.63,20.63
SYNCOMF,60.12,60.09
DJML,55.39,55.39
BAHETI,40.49,40.49
SULA,37.27,37.27
SIGNATURE,336.46,336.46
KRITINUT,13.9,13.9
MEGAFLEX,31.95,31.95
KALAMANDIR,29.96,29.96
AVALON,176.64,176.64
RITEZONE,19.12,19.12
CONCORDBIO,59.27,59.27
BAIDFIN,16.75,16.75
QUICKTOUCH,11.4,11.4
AMIABLE,10.76,10.76
DOLLEX,10.82,10.82
BLUEJET,55.43,53.23
MVGJL,13.54,13.54
SCPL,18.75,18.75
SUKHJITS,15.46,15.46
ARHAM,51.47,51.47
FROG,32.63,32.63
MANKIND,49.44,49.44
SKYGOLD,92.92,92.92
SATINDLTD,18.54,18.51
DIVGIITTS,55.61,55.61
PRITIKA,79.24,79.24
USK,11.03,11.03
MOTISONS,75.32,76.12
SRIVASAVI,35.79,35.79
DIACABS,281.33,288.36
IKIO,37.48,37.48
FAZE3Q,22.93,22.93
RBMINFRA,70.06,70.06
LLOYDSME,35.36,35.36
AARTIPHARM,26.01,26.01
RHL,40.01,40.01
SAHYADRI,15.45,15.45
NINSYS,56.84,56.84
DUCOL,31.82,31.82
HOMESFY,19.1,18.67
SBFC,29.95,29.95
SBGLP,124.65,124.65
ASMS,324.88,312.92
VIAZ,32.4,32.4
ZAGGLE,89.62,89.62
GANDHAR,18.02,18.02
MCON,65.35,65.35
HONASA,96.4,96.4
RISHABH,76.2,76.2
IRMENERGY,19.39,19.39
SAH,322.83,322.83
DENEERS,19.98,19.98
CYIENTDLM,74.67,74.67
AGUL,15.1,15.1
AKI,111.17,111.17
YCCL,35.43,35.43
RPTECH,12.73,13.33
RATNAVEER,29.24,29.24
MOS,62.61,62.61
AUROIMPEX,16.14,16.14
ATAM,26.97,26.97
CRAYONS,16.06,16.06
SHRITECH,12.72,12.72
LAL,24.33,24.33
INFINIUM,88.43,88.43
AARTECH,100.12,100.12
AATMAJ,78.13,78.13
DOLPHIN,94.17,96.62
REMUS,36.52,36.52
NOVAAGRI,18.98,18.98
REDTAPE,76.98,76.98
PENTAGON,15.82,15.82
CELLPOINT,251.77,251.77
GREENCHEF,35.86,35.86
PTCIL,488.68,488.68
PYRAMID,28.55,28.55
EMSLIMITED,25.32,25.32
EFACTOR,23.67,23.67
GHCLTEXTIL,19.09,19.09
MONOPHARMA,25.04,25.04
UDS,27.93,27.93
SYNOPTICS,16.8,16.8
CLSL,24.68,24.68
KIRLPNU,53.75,52.08
RRKABEL,64.75,64.76
COMMITTED,13.85,13.85
JLHL,54.64,55.11
NUVAMA,28.26,28.26
DRONE,65.15,65.15
SERVICE,32.35,32.35
KEL,47.23,47.23
NIITMTS,26.51,25.98
VINSYS,25.39,25.39
SAROJA,24.72,24.72
SINDHUTRAD,30.41,30.4
ORIANA,92.09,92.09
ASKAUTOLTD,40.15,40.15
CHAVDA,21.01,21.01
BAWEJA,36.86,36.86
PLADAINFO,10.35,10.35
OLIL,22.13,22.13
KODYTECH,136.81,136.81
KARNIKA,33.06,33.06
SCML,21.4,21.4
MAL,8.29,8.29
MUFTI,19.79,19.79
FLAIR,23.94,23.94
BASILIC,31.31,31.31
CELLECOR,50.26,50.26
SRGHFL,19.77,19.77
JIOFIN,167.78,167.78
CPS,135.36,135.36
NEWJAISA,48.04,48.04
GOYALSALT,23.29,23.29
RCDL,18.67,18.67
BLSE,42.76,42.76
HOLMARC,49.23,49.23
MARCO,41.26,41.26
DIAMINESQ,88.04,88.04
MICROPRO,16.56,16.56
INSPIRE,15.5,15.5
EPACK,81.65,81.65
PGEL,87.01,87.01
PAISALO,20.99,21.03
DSSL,26.98,26.98
JISLDVREQS,1.65,1.65
VIKASECO,38.36,38.36
KANANIIND,213.2,213.2
DBSTOCKBRO,17.42,17.42
IRFC,29.17,29.17
RHIM,,43.05
SCHNEIDER,97.8,96.07
VSSL,19.54,19.54
SPECIALITY,25.88,25.88
RTNINDIA,8.55,8.18
THEJO,43.75,43.75
TVSHLTD,11.32,11.32
ZUARI,7.38,7.38
PCJEWELLER,442.16,442.16
INDUSTOWER,11.23,11.23
ORIENTCEM,45.47,45.47
SAMMAANCAP,8.19,8.19
MITCON,17.56,17.56
AGRITECH,12.51,12.51
CASTROLIND,22.02,22.02
IREDA,36.19,36.19
AGARIND,13.39,13.39
GOCLCORP,32.04,31.31
PDSL,33.8,34.46
GOODLUCK,21.75,21.75
GULPOLY,54.35,54.35
GRPLTD,69.46,64.32
GREENLAM,57.77,57.77
LINC,24.71,24.71
JMA,8.83,8.83
MANAKCOAT,30.41,32.33
IMAGICAA,58.41,48.76
BYKE,60.52,60.52
VRLLOG,69.66,70.09
TPLPLASTEH,36.34,36.34
ALANKIT,23.22,23.22
AYMSYNTEX,50.82,80.59
PKTEA,14,14
ARVSMART,52.29,52.29
GUJGASLTD,27.34,28.32
PERFECT,66.58,66.58
LUXIND,39.75,39.75
SALZERELEC,26.33,26.33
LINCOLN,13.42,13.42
PRECAM,61.35,87.55
HITECH,56.8,56.8
SEQUENT,364.34,
KDDL,24.22,24.2
HECPROJECT,24.07,24.07
SAGARDEEP,52.62,52.62
SHRIPISTON,19.52,19.52
UNITEDPOLY,38.29,38.29
NAGAFERT,.29,.29
CONTROLPR,21.98,22
TCPLPACK,25.14,25.14
IEX,38.88,38.88
GICRE,9.04,9.04
KHADIM,120.32,120.32
HDFCLIFE,89.11,89.11
ZODIAC,68.49,68.49
SHALBY,45.39,45.39
ONEPOINT,62.72,62.72
AJOONI,59.46,59.46
SILLYMONKS,72.21,72.21
NEWGEN,61.08,61.08
GALAXYSURF,32.51,32.51
ASTERDM,48.19,48.19
VINNY,23.46,23.46
IRISDOREME,45.74,45.74
TECHNOE,60.82,60.82
AWHCL,22.11,22.11
RPSGVENT,68.02,68.02
CHALET,249.12,249.12
ANUP,58.46,58.46
PAR,18.42,18.42
POLYCAB,53.83,53.83
EMAMIPAP,7.17,7.17
PPL,12.52,12.52
OAL,68.19,68.19
SATIA,6.13,6.13
AFFLE,64.17,64.17
WESTLIFE,537.83,537.83
HNDFDS,69.2,69.2
IRCTC,54.12,53.99
360ONE,43.6,40.82
HPIL,129.53,129.53
FLUOROCHEM,111.21,111.21
KUANTUM,7.91,7.91
CHEMBOND,18.18,18.69
SBICARD,29.23,29.23
CSBBANK,9.95,9.95
EASEMYTRIP,49.7,30.94
PRINCEPIPE,38.11,38.11
PARKHOTELS,46.01,46.01
SUMICHEM,54.53,54.53
ATALREAL,72.94,72.94
UNIVPHOTO,14.38,14.38
POWERINDIA,275.39,275.39
RAJRATAN,35.84,35.84
AARTISURF,36.92,52.95
NDRAUTO,46.91,46.91
AAATECH,38.91,38.91
UNIDT,38.29,38.29
ADL,191.55,191.55
ROML,50.52,50.52
RAILTEL,48.05,45.67
HERANBA,35.33,35.33
FAIRCHEMOR,30.75,30.75
ISGEC,36.14,36.14
PAKKA,27.88,27.88
YUKEN,64.3,64.3
ANANDRATHI,61.23,61.23
POLICYBZR,366.57,439.43
MONARCH,20.66,20.66
EPIGRAL,29.65,29.65
CMSINFO,22.94,22.94
TARSONS,62.81,62.81
TEGA,68.61,68.61
LATENTVIEW,57.28,57.28
PASUPTAC,11.17,11.17
MAPMYINDIA,73.66,73.66
TMB,6.18,6.18
MANYAVAR,82.41,82.41
DMCC,57.63,57.63
EMIL,34.29,34.29
MEDANTA,58.98,58.98
MALLCOM,26.66,26.66
SMLT,22.16,22.16
RADIANTCMS,19.51,19.51
HARIOMPIPE,30.53,30.53
RAJRILTD,5156.33,5156.33
FIVESTAR,19.21,19.21
VIRINCHI,33.34,33.34
ELDEHSG,25.11,25.11
GATEWAY,19.05,19.05
JTLIND,31.5,31.5
VENUSPIPES,40,40
MEGASTAR,63.99,63.99
LANDMARK,78.84,
ETHOSLTD,111.22,111.22
MSUMI,41.67,41.67
HARSHA,34.3,34.3
GMRP&UI,3.92,
TVSSCS,242.49,136.57
ACI,38.57,34.06
SADHNANIQ,353.41,353.41
HARDWYN,123.88,123.88
MEDICO,60.79,60.79
YATHARTH,40.74,40.74
KAYNES,154.44,154.44
SECMARK,45.45,45.45
IDEAFORGE,206.15,206.15
POCL,46.64,46.64
TATATECH,62.29,62.29
NETWEB,163.84,163.84
AEROFLEX,52.13,52.13
VPRPL,28.08,28.08
ATL,25.3,25.15
JSWINFRA,50.82,50.82
YASHO,50.03,50.03
SANDUMA,20.05,20.05
MUFIN,112.89,109.62
MUTHOOTMF,8.06,8.06
TREL,5.24,33.49
HAPPYFORGE,39.71,39.71
ORBTEXP,13.29,13.29
SREEL,22.61,22.61
SDBL,22.3,22.3
HATSUN,80.16,80.16
GULFOILLUB,17.08,17.08
SUPERHOUSE,15.99,25.69
CIGNITITEC,27.55,27.01
MONTECARLO,27.82,27.82
APOLSINHOT,52.39,52.39
LAMBODHARA,31.31,31.31
MOLDTKPAC,36.66,36.66
GANECOS,69.04,69.04
HESTERBIO,95.84,95.84
MANAKALUCO,35.9,35.9
ZENTEC,76.7,77.39
LFIC,5.58,5.58
AVANTIFEED,19.27,19.27
PRIVISCL,52.47,52.47
NILAINFRA,24.61,24.61
SKIPPER,52.77,52.77
ORICONENT,73.25,47.47
ADANIENSOL,355.48,56.62
MUTHOOTCAP,12.74,12.74
POWERMECH,30.45,30.4
IDFCFIRSTB,20.91,20.91
BALAXI,12.02,12.97
TTKHLTCARE,25.57,31.59
PILANIINVS,42.55,42.55
LALPATHLAB,62.28,62.28
OCCL,9.9,9.9
TEAMLEASE,44.82,46.29
VIDHIING,63.16,63.16
KELLTONTEC,20.61,20.61
PDMJEPAPER,9.94,9.94
WEALTH,29.33,29.33
INFIBEAM,37.23,37.23
CROMPTON,53.23,53.23
PARAGMILK,25.27,25.27
ARMANFIN,8.66,8.66
ASPINWALL,13.73,13.73
PREMEXPLN,98.75,98.75
INCREDIBLE,26.37,26.37
KKVAPOW,152.47,152.47
GICL,61.04,61.04
VSCL,976.89,976.89
MPTODAY,6.21,6.23
GOLDSTAR,87.23,87.23
OMFURN,19.95,19.95
SOLEX,83.08,83.08
MDL,51.39,49.97
PARIN,183.38,183.38
KHFM,167.03,167.03
PARTYCRUS,20.23,20.23
SIDDHIKA,14.64,14.64
MAKS,115.95,58.91
DUGLOBAL,627.14,627.14
DESTINY,111.15,111.15
FOCE,49.26,49.26
COOLCAPS,224.55,224.44
EUROBOND,53.53,53.53
TIMESCAN,13.62,13.62
GSTL,75.49,75.49
LEMERITE,160.31,160.31
KCK,212.96,212.96
AMEYA,27.86,27.86
MWL,15.82,15.82
ARISTO,27.65,27.65
JFLLIFE,28.26,28.26
USASEEDS,21.47,21.47
ALLETEC,46.93,46.93
ANNAPURNA,69.5,69.5
PHANTOMFX,18.9,18.9
IPSL,41.39,41.39
JIWANRAM,22.74,22.74
ARIHANTACA,26.69,26.69
ANLON,55.25,55.25
VERTEXPLUS,110.52,110.52
SAHANA,86.1,86.1
SHERA,49.13,49.13
AGARWALFT,297.78,297.78
QFIL,18.36,18.36
NIRMAN,45.92,45.92
SYSTANGO,20.78,20.78
SPECTSTM,38.82,38.82
INFOLLION,44.88,44.88
KRISHCA,35.94,35.94
TRIDHYA,14.62,14.62
PROV,60.19,60.19
MAGSON,37.24,37.24
DENTALKART,73.52,73.52
SAHAJ,20.78,20.78
GLOBALPET,60.83,60.83
PRAMARA,40.68,40.68
ZEAL,17.66,17.66
UNIHEALTH,21.05,21.05
ONDOOR,38.88,38.53
TRANSTEEL,9.78,9.65
SUNREST,109.04,109.04
SAAKSHI,68.25,68.25
HIGREEN,64.87,64.87
MADHUSUDAN,31.87,31.87
WOMANCART,44.31,44.31
SHANTHALA,62.15,62.15
VISHNUINFR,25.08,25.08
IBLFL,72.8,72.8
EMKAYTOOLS,14.34,14.34
JINDALSTEL,17.88,17.88
NIPPOBATRY,2.71,2.71
HCLTECH,30.18,30.18
ACCELYA,24.28,24.34
NRBBEARING,10.61,26.78
BIL,68.55,68.55
KTKBANK,5.95,5.95
AJANTPHARM,40.52,40.52
CALSOFT,46.24,46.24
TVSMOTOR,56.47,56.47
PNC,31.51,31.51
REPRO,288.41,288.41
HAVELLS,71.3,71.3
BALAJITELE,93.04,93.04
MRO-TEK,28.84,28.84
KHANDSE,70.11,70.11
MARKSANS,39.19,39.19
GODREJCP,,59.7
LUPIN,35.95,35.95
BHARTIARTL,86.03,73.57
ASAL,50.74,50.74
APTECHT,48.05,41.94
OFSS,41.24,41.24
NUCLEUS,19.72,19.72
OMAXAUTO,7.29,
RADICO,106.23,106.23
VARDHACRLC,25.63,25.63
JSL,23.49,23.48
IGL,19.88,19.88
PTC,9.36,9.16
VAIBHAVGBL,37.22,35.58
XPROINDIA,53.14,51.17
LT,30.57,30.71
CENTEXT,22.81,23.14
NIITLTD,52.65,52.65
GULFPETRO,13.71,13.71
ASTRAMICRO,61.33,61.33
NTPC,17.64,17.64
JBMA,87.38,87.38
XCHANGING,40.6,40.6
CONSOFINVT,11.68,11.68
EVEREADY,36.67,36.67
GOKEX,48.59,48.59
SHOPERSTOP,413.87,339.36
CYBERMEDIA,22.9,33.7
SURYALAXMI,52.39,28.09
63MOONS,17.27,17.27
VHL,439.43,51.98
YESBANK,34.54,34.54
SPLIL,13.54,13.53
GOLDIAM,37.32,37.32
FCSSOFT,,59.7
SUZLON,84.42,82.12
TRIVENI,27.92,27.92
NAHARINDUS,37.12,33.07
VIMTALABS,30.97,30.97
NITINSPIN,14.54,14.54
ROHLTD,19.57,19.57
GSPL,9.83,10.03
SAKUMA,15.41,15.41
KEC,63.31,63.31
JKCEMENT,38.07,43.61
INDOTECH,41.81,41.81
BLKASHYAP,28.27,30.49
CENTURYPLY,65.13,63.67
VAKRANGEE,413.57,432.09
GALLANTT,23.66,23.66
UTTAMSUGAR,10.8,10.8
KKCL,22.97,22.97
GPIL,14.67,14.68
LOKESHMACH,50.91,50.91
SWELECTES,29.24,66
KAMDHENU,22.68,22.68
PIONEEREMB,43.33,43.33
JKLAKSHMI,22.45,22.84
ALLCARGO,163.17,98.8
MUNJALAU,32.58,19.44
GRINDWELL,62.65,62.6
VOLTAMP,42.34,42.34
SELAN,23.06,23.06
ACE,42.39,42.39
HOVS,30.25,30.25
BINANIIND,31.56,
TALBROAUTO,18.64,26.53
GEECEE,16.82,16.82
JMFINANCIL,,13.66
GESHIP,5.67,5.67
SOBHA,396.23,396.3
HIRECT,84.88,70.12
PARACABLES,21.5,21.5
AVTNPL,26.72,26.72
PTL,20.93,20.93
GANDHITUBE,17.58,17.58
PGIL,22.5,22.57
FSL,46.42,46.42
TFL,88.05,88.05
SMSPHARMA,39.19,39.19
AMDIND,93.74,93.74
NAHARPOLY,126.24,126.24
THEMISMED,75.58,75.58
BANSWRAS,22.16,22.16
AROGRANITE,49.54,49.54
FORTIS,70.3,66.51
WEBELSOLAR,,100.45
HILTON,31.48,31.48
NAVINFLUOR,63.73,77.66
NAGREEKEXP,18.54,18.54
V2RETAIL,95.17,95.17
DLF,79.24,79.24
MOTILALOFS,17.08,17.08
MAGNUM,44.13,154.55
POWERGRID,19.04,19.04
MANGCHEFER,15.67,15.67
MAANALU,30.11,30.11
BAJAJELEC,89.41,89.41
RELIGARE,26.22,63.6
KAUSHALYA,2.81,2.81
JYOTHYLAB,43.13,43.13
KALYANIFRG,25.71,25.71
HITECHCORP,23.99,24.8
BRIGADE,59.76,59.76
MANAKSIA,8.07,6.12
AMBIKCO,13.27,13.27
RPOWER,14.03,
CORDSCABLE,21.36,21.36
HERCULES,26.2,26.2
IRB,32.29,32.29
NMDC,10.9,10.53
GSS,24.49,24.49
RECLTD,9.1,9.1
NESCO,18.96,18.96
DPSCLTD,99.8,99.8
BAJAJFINSV,16.36,16.36
GOKUL,347.31,27.26
RBL,16.48,16.15
ARCHIDPLY,97.57,97.57
VINYLINDIA,25.82,25.82
JOCIL,103.87,103.87
COUNCODOS,72.86,72.86
MAWANASUG,10.17,10.17
AJMERA,26.24,26.24
GKWLIMITED,154.86,154.86
VINATIORGA,51.46,51.46
ADANIPOWER,16.96,16.96
OIL,9.78,9.79
RTNPOWER,.72,
ZYDUSWELL,37.81,38.52
DEN,9.77,9.77
SARDAEN,29.74,29.63
AHLUCONT,19.24,31.94
DLINKINDIA,19.94,19.94
DBCORP,11.89,11.89
MMTC,95.69,91.73
TRF,17.77,17.77
MBLINFRA,3.39,
JUBLFOOD,107.71,182.04
EMMBI,23.05,23.05
TEXMOPIPES,71.47,16.51
PERSISTENT,71.8,71.8
KSL,18.52,18.52
MANAPPURAM,5.9,5.9
IMFA,9.98,9.98
BAJAJCON,19.89,19.89
GPPL,24.24,22.33
ADFFOODS,39.71,39.71
KILITCH,34.2,34.2
SASTASUNDR,8.98,9.06
RAMKY,13.79,13.79
CANTABIL,29.91,30.51
BEDMUTHA,21,21
CGCL,38.28,38.28
RESPONIND,37.25,37.25
JINDWORLD,75.08,75.08
JAMNAAUTO,20.59,20.59
A2ZINFRA,11.55,
PSB,50.8,50.8
KICL,44.16,58.54
SUMMITSEC,36.22,33.21
PFS,17.75,17.75
VADILALIND,19.27,19.27
RELAXO,96.15,96.15
MAITHANALL,3.87,3.87
INVENTURE,15.92,13.75
ELGIRUBCO,22.12,137.02
BODALCHEM,304.59,304.59
ASAHISONG,71.11,69.41
PENINLAND,23.42,24.43
WHEELS,19.27,19.27
PREMIERPOL,26.83,26.83
SESHAPAPER,10.45,10.45
SUNDRMFAST,46.81,46.81
EXIDEIND,43.56,43.56
ELECON,36.08,36.08
CRISIL,59.65,59.65
PEL,,44.89
MASTEK,25.09,25.65
MAHSCOOTER,74.97,78.16
CIPLA,27.46,26.57
HEROMOTOCO,22.74,22.74
GMBREW,11.47,11.47
ITC,28.43,28.42
HINDCOMPOS,21.46,21.46
IOC,12.36,13.27
RICOAUTO,30.92,30.14
IFBAGRO,207.44,207.44
BANCOINDIA,19.38,19.38
MANINDS,17.43,17.43
SIYSIL,15.9,15.9
SHANTIGEAR,45.36,45.36
ONWARDTEC,31.05,31.05
NCC,21.51,21.01
ICIL,22.08,22.08
ELGIEQUIP,58.98,58.98
BBTC,9.42,9.08
EIHOTEL,35.87,35.39
LICHSGFIN,6.96,6.96
BEPL,17.43,17.43
BANARBEADS,29.77,29.77
MOREPENLAB,33.19,33.19
21STCENMGM,2.02,2.02
VENKEYS,22.84,22.84
PRAJIND,42.67,46.06
EVERESTIND,140.63,186.98
PGHH,75.12,75.12
VESUVIUS,42.19,42.19
BOMDYEING,1.43,
NAVNETEDUL,4.01,14.8
GLAXO,63.93,57.18
CHOLAFIN,27.17,27.17
INDHOTEL,63.45,75.33
LYKALABS,170.25,168.66
GILLETTE,67.84,67.84
KANSAINER,35.35,35.35
FOSECOIND,44.35,44.56
SCHAEFFLER,61.01,60.78
AMJLAND,15.69,15.69
MFSL,101.39,101.39
HEG,59.43,59.43
TIMKEN,63.68,63.68
SHREECEM,50.75,50.75
IPCALAB,70.4,76.36
HINDALCO,11.73,11.19
GSFC,14.64,14.69
GRASIM,17.48,16.82
FINCABLES,25.04,35.94
DCM,31.47,31.47
CESC,16.51,16.51
TNPL,11.68,11.68
REMSONSIND,41.57,42.83
SWARAJENG,25,25
MRF,26.33,26.33
TNPETRO,19.57,16.34
STARPAPER,5.32,5.19
MARICO,47.81,47.81
SUNDRMBRAK,48.18,48.18
SOMATEX,1.73,151.85
STERTOOLS,31.34,31.56
INDIANCARD,2.11,
DENORA,34.65,34.65
MIRZAINT,45.41,45.41
GUJAPOLLO,29.49,29.49
MMFL,16.6,16.67
JCHAC,186.02,121.1
RUCHINFRA,169.83,169.83
KOTHARIPET,17.49,17.41
HERITGFOOD,25.96,25.57
BANKBARODA,6.6,6.6
GAIL,13.03,13.03
BANKINDIA,6.57,6.57
KCPSUGIND,6.24,7.33
SAREGAMA,48.45,48.45
FDC,25.65,25.65
ENGINERSIN,37.83,37.83
GMDCLTD,17.27,17.27
INDUSINDBK,10.12,10.12
TRIGYN,22.52,22.52
J&KBANK,5.4,5.4
CUB,12.2,12.2
ASTRAZEN,193.11,101.37
AXISBANK,12.81,12.81
SONATSOFTW,59.38,4.6
KOKUYOCMLN,37.81,37.81
DHANBANK,34.18,34.18
SANGHVIMOV,18.1,18.1
IVC,69.18,69.18
PHOENIXLTD,39.93,39.91
TIMETECHNO,24.35,24.35
TARMAT,,156.02
ALPA,12.28,12.3
KPRMILL,39.27,39.27
NAGREEKCAP,1.12,1.12
CCCL,.88,
DELTACORP,21.13,28.43
EDELWEISS,17.61,17.61
GLOBUSSPR,37.06,37.06
HINDCOPPER,64.69,64.69
VASCONEQ,23.84,23.84
ISFT,21.22,21.22
HMVL,26.77,26.77
IITL,11.03,14.58
WELINV,97.13,97.13
CAREERP,14.47,14.47
WABAG,41.37,41.15
COALINDIA,7.42,7.42
RPPINFRA,10.09,10.09
MOIL,18.18,18.18
TDPOWERSYS,47.52,47.52
APLLTD,31.49,31.98
VASWANI,17.18,17.18
PANAMAPET,10.47,10.47
ONELIFECAP,14.29,14.29
SHAKTIPUMP,27.87,27.87
TRITURBINE,65.28,65.28
POLYMED,93.75,93.75
RUPA,27.08,26.11
APLAPOLLO,72.64,72.64
MINDACORP,46.63,46.63
THOMASCOTT,23.43,23.43
COMPUSOFT,144.4,144.4
NBCC,56.83,43.76
HEXATRADEX,54.87,54.87
TBZ,25.8,25.8
SWANENERGY,23.71,23.71
KITEX,41.24,41.24
MAYURUNIQ,18.97,18.97
DUCON,26.37,26.37
VETO,14.54,14.54
CARERATING,37.98,37.98
REPCOHOME,6.85,6.85
JUSTDIAL,18.62,18.62
ATULAUTO,106.19,106.19
PILITA,66.93,66.93
JPOLYINVST,26.59,26.59
NATHBIOGEN,8.3,8.92
WONDERLA,34.46,34.46
CAPLIPOINT,30.76,30.77
SNOWMAN,126.17,126.17
SHARDACROP,33.54,33.54
INTELLECT,35.83,35.85
FCL,33.54,33.54
GENUSPAPER,75.98,75.98
VISHNU,27.95,27.95
MENONBE,9.59,9.59
MANAKSTEEL,33.65,34.39
INOXWIND,145.69,135.08
VIPULLTD,1.52,1.51
UFO,103.88,103.88
ARROWGREEN,26.18,26.18
PNCINFRA,6.58,6.58
BALKRISHNA,,16.24
SYNGENE,74.28,77.99
RAMASTEEL,68.58,68.58
SATIN,4.23,4.23
SHARDAMOTR,18.84,18.84
SHREEPUSHK,21.58,21.58
INDIGO,22.79,22.79
SHK,402.63,25.36
UMANGDAIRY,34.14,34.14
KRIDHANINF,,58.56
ALKEM,31.73,30.33
NH,33.65,33.65
QUICKHEAL,100.77,100.77
BHAGERIA,34.77,34.77
NECCLTD,27.44,27.44
GOKULAGRO,22.2,22.2
HCG,106.5,111.71
BHARATWIRE,17.98,17.98
THYROCARE,49.26,49.19
ALBERTDAVD,11.09,11.09
BLS,37.32,37.32
SALONA,26.73,26.73
MAHASTEEL,81.92,101.41
TRENT,138.47,200.68
CUMMINSIND,57.14,57.1
JAYBARMARU,39.23,39.23
JBCHEPHARM,45.23,45.23
INDIAGLYCO,21.91,21.91
IGPL,44.92,44.92
HIMATSEIDE,19.04,19.04
BPCL,11.4,11.01
BASF,44.64,45.34
ATUL,58.99,58.99
ACC,20.89,23.64
SCI,10.37,10.37
MRPL,30.44,30.21
HINDPETRO,21.07,21.07
BAJAJHLDNG,80.46,80.46
VOLTAS,81.87,81.87
TITAN,87.58,87.58
TATASTEEL,69.85,60.28
SPIC,16.75,11.68
SBIN,10.12,9.44
PFIZER,39.13,39.56
BOSCHLTD,47.1,49.12
DEEPAKFERT,23.69,23.69
HINDOILEXP,12.77,15.08
DICIND,,52.31
RAMCOCEM,78.45,78.45
BEML,57.61,57.61
TATACHEM,,44.47
VTL,18.63,18.63
VLSFINANCE,4.27,4.27
SRF,59.14,59.14
BALRAMCHIN,28.4,28.4
UNICHEMLAB,,3407.52
PRECOT,15.13,18.85
TATAELXSI,50.59,50.59
SHREYANIND,5.35,5.35
SANDESH,6.29,6.29
ASHIMASYN,6.36,6.36
BALKRISIND,32.54,32.54
RAJSREESUG,18.11,18.11
TAINWALCHM,71,71
BANARISUG,30.24,30.24
JYOTISTRUC,104.59,104.59
BLUEDART,64.4,64.4
APCOTEXIND,38.44,38.44
RCF,51.62,56.91
KARURVYSYA,9.94,9.94
DECCANCE,48.98,28.71
TATAPOWER,40.06,38.56
ADVANIHOTR,26.47,26.47
SUBROS,32.46,32.46
SIEMENS,98.5,98.5
WIPRO,25.2,25.2
TOKYOPLAST,134.84,134.84
MURUDCERA,51.75,51.75
SANOFI,34.76,32.35
HEIDELBERG,38.26,38.26
MANGLMCEM,37.14,37.14
PIDILITIND,80.1,78.07
EIHAHOTELS,28.54,27.41
HONDAPOWER,39.45,41.15
RUBYMILLS,16.78,16.78
ABB,87.43,87.43
IDBI,12.78,12.78
BRITANNIA,56.64,56.11
DHAMPURSUG,13.53,13.53
DAMODARIND,42.06,42.06
MGL,11.85,11.85
POKARNA,29.52,29.52
GPTINFRA,25.88,25.88
GROBTEA,42,42
ADVENZYMES,31.91,29.77
DBL,22.04,49.64
NDGL,21.11,21.11
RBLBANK,8.14,8.14
BIGBLOC,60.58,60.58
LTTS,42.58,42.58
GNA,18.38,18.38
MARATHON,19.75,19.75
HPL,52.96,52.96
ENDURANCE,45.13,45.13
MAZDA,20.26,20.26
PNBHOUSING,15.2,15.2
KINGFA,27,27
NBIFIN,155.33,155.33
SFL,56.04,87.84
LAURUSLABS,202.38,202.38
ITDC,81.54,81.45
HISARMETAL,20.14,20.14
SPCENET,128.98,128.98
BHANDARI,24.14,24.14
BSE,86.14,86.14
JITFINFRA,29.85,38.74
DMART,91.48,91.48
TASTYBITE,189.02,189.02
NRAIL,9.62,9.62
SCHAND,20.39,20.39
PSPPROJECT,26.87,26.87
CDSL,59.9,59.9
AUBANK,23.67,22.89
STEELXIND,50.34,50.34
MAGADSUGAR,9.58,9.58
THEINVEST,31.56,31.56
SIS,40.96,40.96
APEX,51.53,51.53
DIXON,122.85,162.22
ICICIGI,85.4,85.4
MASFIN,19.06,19.06
NIACL,21.73,21.73
IFGLEXPOR,35.89,35.89
DNAMEDIA,.45,
SHIVATEX,164.75,164.75
AMBER,101.19,101.19
GMMPFAUDLR,56.19,56.19
HGINFRA,14.89,15.21
BDL,65.2,65.2
BANDHANBNK,9.97,9.97
SANDHAR,24.49,25.35
ISEC,13.31,13.31
MIDHANI,76.39,76.39
CHEMFAB,109.92,109.92
ORIENTELEC,80.56,80.56
ADANIGREEN,190.25,151.91
GAYAHWS,,106.74
FINEORG,33.82,33.78
RITES,30.97,31.03
HBSL,3.18,3.18
CREDITACC,10.92,10.92
SIGIND,16.47,16.47
DALBHARAT,42.96,38.02
PRAKASH,8.94,8.94
GREAVESCOT,234.56,
SUDARSCHEM,51.59,49.71
AKZOINDIA,39.45,39.45
AMBUJACEM,35.53,36.37
CGPOWER,122.22,121.37
BEL,47.15,47.15
GREENPLY,34.02,37.16
NATCOPHARM,12.81,12.81
GARFIBRES,37.21,37.21
SKFINDIA,44.72,44.72
CUBEXTUB,32.32,32.32
KEYFINSERV,6.62,6.62
CREST,14.42,14.42
TVSSRICHAK,43.85,40.93
ELECTHERM,3.98,3.98
ALKYLAMINE,60.52,60.52
RAMCOIND,31.21,31.21
MADRASFERT,19.55,12.03
ICICIBANK,18.11,18.11
CHENNPETRO,13.44,13.44
GAEL,17.25,17.25
AXISCADES,46.96,46.96
SMARTLINK,26.58,26.58
OLECTRA,112.33,121.01
TIMESGTY,72.41,72.41
GENESYS,62.96,62.96
MARUTI,25.42,25.42
NSIL,61.67,61.67
TVTODAY,11.49,11.12
PETRONET,12.49,12.49
DATAMATICS,18.23,17.97
ULTRACEMCO,48.1,47.9
VINDHYATEL,22.64,22.64
ADORWELD,38.56,34.8
FEDERALBNK,12.17,12.17
BIRLACABLE,88.23,88.23
RANEHOLDIN,10.47,44.41
APOLLOHOSP,84.33,84.33
NEULANDLAB,70.32,74.53
BERGEPAINT,52.76,52.82
NKIND,466.12,466.12
HSCL,54.48,54.48
ARENTERP,13.3,13.3
THOMASCOOK,34.36,34.36
BHARATRAS,42.15,42.15
SOMANYCERA,32.05,33.39
KAJARIACER,47.08,47.05
PRSMJOHNSN,87.63,
JINDALSAW,10.35,10.35
CANFINHOME,13.45,13.45
DABUR,51.4,51.4
CLEDUCATE,38.88,41.77
WIPL,55.04,55.04
STARCEMENT,39.46,39.46
GTPL,23.44,23.44
AVADHSUGAR,10.27,10.27
OPTIEMUS,95.92,95.92
ABCAPITAL,14.52,14.52
MATRIMONY,31.09,31.09
SBILIFE,71.76,71.76
MANALIPETC,61.69,53.66
VENUSREM,18.45,18.45
WANBURY,15.85,31
IZMO,19.99,19.99
CTE,258.93,258.93
TTL,29.71,77.74
INDIANB,7.95,7.95
JKTYRE,13.46,12.96
NCLIND,14.36,13.11
