"Security Name","Symbol Name","Trade Date","Quantity"
"BHARAT ELECTRONICS LTD","BEL","12-Nov-2024","1640"
"FEDERAL BANK LTD","FEDERALBNK","12-Nov-2024","100"
"HINDALCO  INDUSTRIES  LTD","HINDALCO","12-Nov-2024","1242"
"ICICI BANK LTD.","ICICIBANK","12-Nov-2024","11363"
"AXIS BANK LIMITED","AXISBANK","12-Nov-2024","1000"
"BIOCON LIMITED.","BIOCON","12-Nov-2024","2600"
"ADITYA BIRLA FASHION & RT","ABFRL","12-Nov-2024","130"
"INDIAN ENERGY EXCHANGE LIMITED","IEX","12-Nov-2024","70"
"GODREJ CONSUMER PRODUCTS LIMITED","GODREJCP","12-Nov-2024","492"
"ABB LTD.","ABB","12-Nov-2024","320"
"CUMMINS INDIA LTD","CUMMINSIND","12-Nov-2024","140"
"GMR INFRASTRUCTURE LTD.","GMRINFRA","12-Nov-2024","2"
"HAVELLS INDIA LIMITED","HAVELLS","12-Nov-2024","7"
"CANARA BANK","CANBK","12-Nov-2024","45"
"DABUR INDIA LTD","DABUR","12-Nov-2024","1000"
"HERO MOTOCORP LTD","HEROMOTOCO","12-Nov-2024","16675"
"ASIAN PAINTS LIMITED","ASIANPAINT","12-Nov-2024","1"
"AU SMALL FINANCE BANK LIMITED","AUBANK","12-Nov-2024","60"
"DEEPAK NITRITE LIMITED","DEEPAKNTR","12-Nov-2024","18900"
"AARTI INDUSTRIES LTD","AARTIIND","12-Nov-2024","4300"
"BAJAJ FINANCE LIMITED","BAJFINANCE","12-Nov-2024","5"
"EICHER MOTORS LIMITED","EICHERMOT","12-Nov-2024","110"
"HINDUSTAN COPPER LIMITED","HINDCOPPER","12-Nov-2024","400"
"DIXON TECHNO (INDIA) LTD","DIXON","12-Nov-2024","26"
"BHARAT FORGE LTD","BHARATFORG","12-Nov-2024","294"
"GAIL (INDIA) LTD","GAIL","12-Nov-2024","200"
"HCL TECHNOLOGIES LTD","HCLTECH","12-Nov-2024","20061"
"HDFC BANK LTD","HDFCBANK","12-Nov-2024","200"
"THE INDIAN HOTELS CO. LTD","INDHOTEL","12-Nov-2024","357"
"BAJAJ AUTO LIMITED","BAJAJ-AUTO","12-Nov-2024","60"
"UNITED BREWERIES LIMITED","UBL","12-Nov-2024","2400"
"BHEL","BHEL","12-Nov-2024","882"
"BRITANNIA INDUSTRIES LIMITED","BRITANNIA","12-Nov-2024","15"
"ASHOK LEYLAND LTD","ASHOKLEY","12-Nov-2024","13424"
"BANK OF BARODA","BANKBARODA","12-Nov-2024","300"
"COALINDIA","COALINDIA","12-Nov-2024","65"
"HINDUSTAN AERONAUTICS LTD","HAL","12-Nov-2024","70"
"CROMPT GREA CON ELEC LTD  ","CROMPTON","12-Nov-2024","100"
"HINDUSTAN UNILEVER LTD.","HINDUNILVR","12-Nov-2024","70"
"BIRLASOFT LIMITED","BSOFT","12-Nov-2024","179"
"COFORGE LIMITED","COFORGE","12-Nov-2024","129"
