1,AARTIPHARM,INE0LRU01027,648.8,20
2,DEEPAKNTR,INE288B01029,2493.6,20
3,TVSSCS,INE395N01027,176.44,20
4,RELINFRA,INE036A01016,249.7,100
5,NFL,INE870D01012,107.93,22
6,MARUTI,INE585B01010,11049.6,9
7,RAJESHEXPO,INE343B01030,234.1,20
8,BLUESTARCO,INE472A01039,1760.45,20
9,SGBJAN29IX,IN0020200377,8000.08,10
10,ITI,INE248A01017,292.39,24.08
11,BECTORFOOD,INE495P01012,1637.25,20
12,SGBMAR25,IN0020160126,7948.89,10
13,INDIAGLYCO,INE560A01015,1102.15,20
14,PGEL,INE457L01029,629.55,22.58
15,PREMIERENE,INE0BS701011,982.7,20
16,SGBSEP27,IN0020190115,7980,10
17,SGBNOV25VI,IN0020170083,8000,10
18,RECLTD,INE020B01018,508.45,20
19,SGBAUG27,IN0020190107,8099,10
20,SGBMAY26,IN0020180033,7870,10
21,FLUOROCHEM,INE09N301011,4034.15,20
22,GSEC10IETF,INF109KC18O0,238.02,80
23,CHEMPLASTS,INE488A01050,474.8,20
24,PAGEIND,INE761H01022,45856.8,20
25,EICHERMOT,INE066A01021,4588.7,9.8
26,GUJALKALI,INE186A01019,775.55,20
27,NMDC,INE584A01023,223.21,20
28,KIRLOSENG,INE146L01010,1096.5,20
29,MOIL,INE490G01020,299.2,20
30,ANANTRAJ,INE242C01024,674.2,20
31,LMW,INE269B01029,15250.2,20
32,TIINDIA,INE974X01010,3447.65,20
33,STANLEY,INE01A001028,436.65,20
34,CHAMBLFERT,INE085A01013,461.95,20
35,SGBNOV25,IN0020170091,8099,10
36,RCF,INE027A01015,152.48,21.31
37,NCC,INE868B01028,279.65,20
38,IREDA,INE202E01016,187.59,21.46
39,STOVEKRAFT,INE00IN01015,727.05,20
40,VENUSPIPES,INE0JA001018,1861.95,20
41,TITAN,INE280A01028,3187.85,9
42,BASF,INE373A01013,6333.3,20
43,NIFTYIETF,INF109K012R6,262.43,6
44,HDFCBANK,INE040A01034,1681.35,9
45,HINDALCO,INE038A01020,626.6,13.18
46,LIQUIDBEES,INF732E01037,1000,5
47,POWERINDIA,INE07Y701011,12121.25,20
48,TATACONSUM,INE192A01025,952.75,9.37
49,SUBEXLTD,INE754A01055,22.9,20.45
50,SGBMAR30X,IN0020210319,8013.79,10
51,TANLA,INE483C01032,722.8,20
52,TORNTPHARM,INE685A01028,3116.6,20
53,YESBANK,INE528G01035,19.07,20
54,COLPAL,INE259A01022,2762.9,20
55,NRBBEARING,INE349A01021,272.9,20
56,ROSSARI,INE02A801020,780.65,20
57,SGBJUN30,IN0020220045,8011.57,10
58,SHRIRAMPPS,INE217L01019,103.26,20.27
59,SGBOCT25IV,IN0020170067,7800,10
60,DMART,INE192R01011,3759.55,20
61,SULA,INE142Q01026,399,20
62,ABSLLIQUID,INF209KB18T9,999.99,5
63,INDUSTOWER,INE121J01017,318.1,20
64,RICOAUTO,INE209B01025,84.91,21.26
65,UCOBANK,INE691A01018,41.61,20
66,DOMS,INE321T01012,2599.3,20
67,AADHARHFC,INE883F01010,423.9,20
68,JUNIORBEES,INF732E01045,717.16,6.35
69,KFINTECH,INE138Y01010,963.9,20
70,FORTIS,INE061F01013,620.4,20
71,BERGEPAINT,INE463A01038,489.75,20
72,OIL,INE274J01014,480.85,20
73,ITC,INE154A01025,472.2,9
74,LICNETFGSC,INF767K01MV5,26.42,80
75,EMAMILTD,INE548C01032,649.75,20
76,EBBETF0431,INF754K01LE1,1279.19,20
77,IMFA,INE919H01018,742.9,20
78,DRREDDY,INE089A01031,1245,9
79,3MINDIA,INE470A01017,33363.9,20
80,CONFIPET,INE552D01024,70.99,20
81,GUJGASLTD,INE844O01030,491.7,20
82,SETF10GILT,INF200KA1JT1,239.56,80
83,WHIRLPOOL,INE716A01013,1779.55,20
84,SOTL,INE035D01020,482.7,20
85,LTF,INE498L01015,135.91,20
86,ADVENZYMES,INE837H01020,377.55,20
87,VTL,INE825A01020,462.95,20
88,ICICIB22,INF109KB15Y7,109.59,20
89,JYOTHYLAB,INE668F01031,436.1,20
90,INDIANB,INE562A01011,540.05,20
91,MANKIND,INE634S01028,2532.15,20
92,SARDAEN,INE385C01021,424.65,20.12
93,LAOPALA,INE059D01020,327,20
94,GMDCLTD,INE131A01031,329.65,21.1
95,ASTRAL,INE006I01046,1730.1,20
96,SONACOMS,INE073K01018,665.95,20
97,HAVELLS,INE176B01034,1614.1,20
98,INTELLECT,INE306R01017,717.05,20
99,SAFARI,INE429E01023,2300.2,20
100,PFIZER,INE182A01018,5208.1,20
101,MCX,INE745G01035,5949.15,20
102,ARVIND,INE034A01011,336.45,20
103,NORTHARC,INE850M01015,233.7,20
104,DCBBANK,INE503A01015,113.66,20
105,RRKABEL,INE777K01022,1525.3,20
106,JSWINFRA,INE880J01026,291.1,20
107,BIOCON,INE376G01013,331.55,20
108,BIRLACORPN,INE340A01012,1084.5,20
109,PIIND,INE603J01030,4446.15,20
110,INDUSINDBK,INE095A01012,1036.7,13.95
111,TATAPOWER,INE245A01021,399.35,20
112,FILATEX,INE816B01035,63.45,20
113,BRITANNIA,INE216A01030,5046.5,9
114,MSTCLTD,INE255X01014,582.9,22.14
115,IOLCP,INE485C01011,370,20
116,SGBNOV258,IN0020170109,7950,10
117,SGBOCT27VI,IN0020190388,7807.11,10
118,BPCL,INE029A01011,305.85,13.12
119,SGBDE30III,IN0020220110,8225.3,10
120,ABB,INE117A01022,6802,20
121,APTUS,INE852O01025,317.15,20
122,GOLDBEES,INF204KB17I5,63.25,20
123,CEATLTD,INE482A01020,2700.6,20
124,NSLNISP,INE0NNS01018,43.92,20
125,SGBOCT25V,IN0020170075,8040,10
126,MRF,INE883A01011,120483.7,20
127,SGBJUN28,IN0020200104,7947.58,10
128,SYNGENE,INE398R01022,862.75,20
129,INOXINDIA,INE616N01034,1182.75,20
130,ACC,INE012A01025,2197.8,20
131,GRINDWELL,INE536A01023,2090.65,20
132,SHREECEM,INE070A01015,24049.2,20
133,ITIETF,INF109KC16I6,45.47,20
134,PHARMABEES,INF204KC1089,22.28,20
135,CLEAN,INE227W01023,1308.65,20
136,KROSS,INE0O6601022,176.87,20
137,HCLTECH,INE860A01027,1864.75,9
138,JUBLPHARMA,INE700A01033,1145.55,20
139,TIMKEN,INE325A01013,3329.15,20
140,SGBMAR28X,IN0020190552,8116,10
141,SGBSEP31II,IN0020230093,8181.75,10
142,IIFL,INE530B01024,420.25,21.22
143,SBFC,INE423Y01016,81.86,20
144,ARE&M,INE885A01032,1246.4,20
145,ADANIENSOL,INE931S01010,889.85,22.57
146,KAYNES,INE918Z01012,5437.9,20.14
147,STARCEMENT,INE460H01021,184.73,20
148,SGBJUL25,IN0020170034,7881.2,10
149,ANDHRAPAP,INE435A01051,93.71,20
150,TI,INE133E01013,328.95,20.07
151,EXIDEIND,INE302A01020,418.45,20
152,ABREL,INE055A01016,2557.95,20
153,THERMAX,INE152A01029,4908.1,20
154,NEXT50IETF,INF109KC1NS5,70.11,6.64
155,GOKEX,INE887G01027,830.8,20
156,GILLETTE,INE322A01010,9556.15,20
157,DHAMPURSUG,INE041A01016,176.9,20
158,MOTILALOFS,INE338I01027,898.8,21.54
159,ZAGGLE,INE07K301024,413.65,100
160,SGBOCT27,IN0020190370,7960,10
161,VEEDOL,INE484C01030,1753.2,20
162,JSWSTEEL,INE019A01038,935.95,10.64
163,TDPOWERSYS,INE419M01027,405.35,20
164,BAJAJHLDNG,INE118A01012,10528.65,20
165,TTML,INE517B01013,67.11,20.18
166,IDEAFORGE,INE349Y01013,576.4,20
167,M&MFIN,INE774D01024,258.25,20
168,MOM30IETF,INF109KC17C7,33.67,7.31
169,KNRCON,INE634I01029,307.6,20
170,NAVKARCORP,INE278M01019,126.97,24.73
171,HATHWAY,INE982F01036,18.28,20
172,RAIN,INE855B01025,145.41,20
173,DISHTV,INE836F01026,11.76,20.64
174,IRFC,INE053F01010,139.62,20.78
175,WIPRO,INE075A01022,569,10.67
176,JTLIND,INE391J01024,183.79,20
177,TATATECH,INE142M01025,961.5,20
178,ATUL,INE100A01010,7225.5,20
179,GMRINFRA,INE776C01039,76.01,20
180,NEWGEN,INE619B01017,1199.2,20
181,NIACL,INE470Y01017,174.24,22.33
182,INTERARCH,INE00M901018,1502.2,20
183,DIVISLAB,INE361B01024,5770.1,20
184,ASTERDM,INE914M01019,432.3,20
185,SENCO,INE602W01019,1058.7,20
186,SHARDACROP,INE221J01015,746.9,20
187,SGBAPR28I,IN0020200062,7991.87,10
188,ABSLAMC,INE404A01024,780.75,20
189,AARTIDRUGS,INE767A01016,467.4,20
190,BANKBEES,INF204KB15I9,515.05,20
191,SGBAUG29V,IN0020210129,8073.62,10
192,ABDL,INE552Z01027,308.2,20
193,TRENT,INE849A01020,6498.25,14.05
194,EBBETF0430,INF754K01KO2,1428.19,20
195,MFSL,INE180A01020,1197.55,20
196,GLS,INE03Q201024,1059.75,20
197,BANSALWIRE,INE0B9K01025,404.9,20
198,FINCABLES,INE235A01022,1136.8,20
199,PVRINOX,INE191H01014,1443.35,20
200,TATACHEM,INE092A01019,1041.15,20
201,KAJARIACER,INE217B01036,1142.15,20
202,SILVERBEES,INF204KC1402,87.61,20
203,APLLTD,INE901L01018,1019.5,20
204,CAPLIPOINT,INE475E01026,1954,20
205,SGBNV29VII,IN0020210178,7987.19,10
206,POLYCAB,INE455K01017,6328.25,20
207,BSOFT,INE836A01035,549.9,20
208,AJANTPHARM,INE031B01049,2824.9,20
209,PVTBANIETF,INF109KC18U7,24.83,20
210,ACI,INE128X01021,676.2,20
211,HONAUT,INE671A01010,41987.75,20
212,SIEMENS,INE003A01024,6704.55,20
213,HAL,INE066F01020,4066.9,20
214,MAZDOCK,INE249Z01012,3890.8,25.56
215,HINDCOPPER,INE531E01026,261.7,20.49
216,TRIDENT,INE064C01022,31.72,20
217,SGBJUN29II,IN0020210061,7961.81,10
218,AUBANK,INE949L01017,560.8,20
219,MOREPENLAB,INE083A01026,75.53,21.69
220,UPL,INE628A01036,515.4,20
221,SGBJUL27,IN0020190081,8062.36,10
222,MARKSANS,INE750C01026,305.7,20.77
223,SANSTAR,INE08NE01025,112.54,20
224,SAREGAMA,INE979A01025,475.7,20
225,HCC,INE549A01026,35.38,25.65
226,POLICYBZR,INE417T01026,1632.85,20
227,CENTURYPLY,INE348B01021,749.55,20
228,HDFCLIFE,INE795G01014,685.05,9.7
229,BAJAJELEC,INE193E01025,806.15,20
230,ECLERX,INE738I01010,3322.4,20
231,HIKAL,INE475B01022,387.2,20
232,NAUKRI,INE663F01024,7614.95,20
233,APARINDS,INE372A01015,8737.85,20
234,TRITURBINE,INE152M01016,645.45,20
235,SOUTHBANK,INE683A01023,22.63,20
236,ALPHA,INF174KA1IA5,50.73,7.72
237,HOMEFIRST,INE481N01025,1027.95,20
238,PNGJL,INE953R01016,691.3,20
239,LTFOODS,INE818H01020,365.5,20
240,PEL,INE140A01024,1012.3,20
241,GMMPFAUDLR,INE541A01023,1241.95,20
242,AEROFLEX,INE024001021,176.21,20
243,SUMICHEM,INE258G01013,510.75,20
244,EMCURE,INE168P01015,1333.45,20
245,APLAPOLLO,INE702C01027,1498.3,20
246,GOODLUCK,INE127I01024,946,20
247,KTKBANK,INE614B01018,205.53,20
248,ORIENTCEM,INE876N01018,336.65,20
249,POLYPLEX,INE633B01018,1191.25,20
250,KOPRAN,INE082A01010,240.35,22.98
251,FEDFINA,INE007N01010,99.88,20
252,BOMDYEING,INE032A01023,208.22,21
253,GIPCL,INE162A01010,190.16,20.11
254,SGBJUL28IV,IN0020200146,7982.15,10
255,TRIVENI,INE256C01024,379.05,20
256,PSPPROJECT,INE488V01015,619.35,20
257,SGBOCT25,IN0020170059,7853.22,10
258,MASTEK,INE759A01021,3011.6,20
259,CARTRADE,INE290S01011,1181.65,20
260,LODHA,INE670K01029,1202.1,20
261,RADICO,INE944F01028,2257.5,20
262,PERSISTENT,INE262H01021,5640.6,20
263,RTNINDIA,INE834M01019,62.53,21.57
264,GALAXYSURF,INE600K01018,2768.95,20
265,SGBD29VIII,IN0020210228,7992.64,10
266,GODIGIT,INE03JT01014,316.45,20
267,SMALLCAP,INF769K01LC3,47.7,6.5
268,HBLPOWER,INE292B01021,518.6,21.19
269,NATCOPHARM,INE987B01026,1366.95,20
270,BANDHANBNK,INE545U01014,165.1,20
271,SGBAUG28V,IN0020200161,7954.54,10
272,MGL,INE002S01010,1329.65,20
273,MAHABANK,INE457A01014,50.17,20
274,GODREJIND,INE233A01035,932.85,20
275,SHRIRAMFIN,INE721A01013,2853.85,13.92
276,FEDERALBNK,INE171A01029,199.38,20
277,LLOYDSENGG,INE093R01011,69.79,24.24
278,BFUTILITIE,INE243D01012,928.75,100
279,SGBMAY25,IN0020170018,7811.64,10
280,BHARTIHEXA,INE343G01021,1426,20
281,HDFCSILVER,INF179KC1DI2,87.94,20
282,ALKYLAMINE,INE150B01039,1933.3,20
283,PETRONET,INE347G01014,314.85,20
284,ESCORTS,INE042A01014,3495.25,20
285,FCL,INE045J01026,353.4,20
286,BORORENEW,INE666D01022,442,20
287,SETFNIF50,INF200KA1FS1,249.24,6
288,SGBN28VIII,IN0020200286,8012.43,10
289,GREENPANEL,INE08ZM01014,341.5,20
290,LIQUIDBETF,INF0QA701854,1000.16,5
291,NOCIL,INE163A01018,253.8,20
292,CGPOWER,INE067A01029,689.05,20
293,ACLGATI,INE152B01027,91.84,20
294,PRAKASH,INE603A01013,170.29,21.24
295,CHOLAFIN,INE121A01024,1205.05,20
296,SHARDAMOTR,INE597I01028,1995.15,20
297,SEQUENT,INE807F01027,195.92,100
298,M&M,INE101A01026,2798.95,12.12
299,UNOMINDA,INE405E01023,964.3,20
300,JWL,INE209L01016,439.7,23.07
301,AWL,INE699H01024,323.45,20
302,MMTC,INE123F01029,75.44,24.05
303,ELGIEQUIP,INE285A01027,570.05,20
304,MID150BEES,INF204KB1V68,206.7,6.23
305,PGHH,INE179A01014,15534.95,20
306,SANSERA,INE953O01021,1451,20
307,TVSMOTOR,INE494B01023,2385.75,20
308,PNCINFRA,INE195J01029,309.2,20
309,SDBL,INE480C01038,102.29,20
310,GAEL,INE036B01030,121.9,20
311,SRF,INE647A01010,2197.9,20
312,CHALET,INE427F01016,818.55,20
313,BANKINDIA,INE084A01016,104.74,20
314,ZYDUSLIFE,INE010B01027,963.75,20
315,GABRIEL,INE524A01029,414.3,20
316,CANBK,INE476A01022,98.33,20
317,KARURVYSYA,INE036D01028,211.51,20
318,ADANIENT,INE423A01024,2816.7,19.23
319,GODFRYPHLP,INE260B01028,6302.45,23.31
320,SOBHA,INE671H01015,1546.8,20
321,PGHL,INE199A01012,5213.05,20
322,CDSL,INE736A01011,1435.25,20
323,MUTHOOTFIN,INE414G01012,1770.3,20
324,MAHLIFE,INE813A01018,474.7,20
325,JKTYRE,INE573A01042,363.5,20
326,UBL,INE686F01025,1856.4,20
327,TIPSMUSIC,INE716B01029,877.3,20
328,WESTLIFE,INE274F01020,726.45,20
329,COFORGE,INE591G01017,8056.2,20
330,AAVAS,INE216P01012,1659.25,20
331,ENGINERSIN,INE510A01028,179.29,21.36
332,KELLTONTEC,INE164B01022,141.4,22.59
333,AFFLE,INE00WC01027,1518.35,20
334,VAIBHAVGBL,INE884A01027,269.7,20
335,WSTCSTPAPR,INE976A01021,535.75,20
336,KPRMILL,INE930H01031,879.05,20
337,LIQUIDSHRI,INF680P01422,1022.32,5
338,CYIENTDLM,INE055S01018,614.1,20
339,MHRIL,INE998I01010,355.2,20
340,ONGC,INE213A01029,252.55,13.83
341,GODREJCP,INE102D01028,1183.9,20
342,ANGELONE,INE732I01013,2614.05,21.63
343,MOGSEC,INF247L01AK4,57.99,80
344,HEROMOTOCO,INE158A01026,4519.6,10.19
345,IONEXCHANG,INE570A01022,625.35,20
346,GODREJPROP,INE484J01027,2569.15,20
347,RBA,INE07T201019,84.71,20
348,EVEREADY,INE128A01029,364.9,20
349,IGL,INE203G01027,419.5,20
350,GICRE,INE481Y01014,348.7,20
351,APOLLOHOSP,INE437A01024,6858.85,9.32
352,KEC,INE389H01022,965.65,20
353,SAIL,INE114A01011,111.69,20
354,SPIC,INE147A01011,74.21,20
355,MASFIN,INE348L01012,285.85,20
356,LICHSGFIN,INE115A01026,606.85,20
357,INDIGO,INE646L01027,3848.8,20
358,TATASTEEL,INE081A01020,139.17,11.75
359,SGBMAY29I,IN0020210053,7954.45,10
360,IDBI,INE008A01015,76.82,20
361,SGBJAN26,IN0020170166,8000,10
362,ZENSARTECH,INE520A01027,698,20
363,FIEMIND,INE737H01014,1465.35,20
364,MEDPLUS,INE804L01022,683.6,20
365,CARYSIL,INE482D01024,753.1,20
366,YATHARTH,INE0JO301016,585.05,20
367,SHK,INE500L01026,279.25,20.25
368,NUVOCO,INE118D01016,328.6,20
369,CUB,INE491A01021,170.67,20
370,FIVESTAR,INE128S01021,642.75,20
371,UTKARSHBNK,INE735W01017,35.2,20
372,RVNL,INE415G01027,419.85,25.12
373,SATIN,INE836B01017,149.81,20
374,BAJAJFINSV,INE918I01026,1664.45,9.47
375,NEULANDLAB,INE794A01010,14666.35,24.23
376,BEML,INE258A01016,3811.55,22.31
377,GPPL,INE517F01014,175.51,20
378,SUNDARMFIN,INE660A01013,4167.05,20
379,EBBETF0425,INF754K01LD3,1252.52,20
380,RBLBANK,INE976G01028,152.12,20
381,OLECTRA,INE260D01016,1426.25,20
382,HONASA,INE0J5401028,364.25,20
383,MINDACORP,INE842C01021,476.55,20
384,VINATIORGA,INE410B01037,1860.05,20
385,RELIANCE,INE002A01018,1252.05,9
386,IMAGICAA,INE172N01012,71.98,21.21
387,ANURAS,INE930P01018,723.3,20
388,AHLUCONT,INE758C01029,1024.75,20
389,SIGNATURE,INE903U01023,1257.25,20
390,DEEPAKFERT,INE501A01019,1237.35,20
391,HAPPSTMNDS,INE419U01012,749.85,20
392,UNIPARTS,INE244O01017,425.55,20
393,SFL,INE916U01025,829.4,20
394,WELSPUNLIV,INE192B01031,148.73,20
395,SUVENPHAR,INE03QK01018,1262.3,20
396,KOTAKBANK,INE237A01028,1687.85,9
397,INFY,INE009A01021,1868.4,9.12
398,UNIECOM,INE00U401027,184.32,20
399,LIQUID,INF769K01KS1,999.99,5
400,WCIL,INE0CJF01024,121.43,20
401,SHAREINDIA,INE932X01026,272.95,20
402,VARROC,INE665L01035,500.05,20
403,KANSAINER,INE531A01024,262.3,20
404,SBIN,INE062A01020,808.65,11.07
405,ENTERO,INE010601016,1370.85,20
406,DELTACORP,INE124G01033,116.32,20
407,LINDEINDIA,INE473A01011,6687.85,20
408,CAMLINFINE,INE052I01032,108.1,20
409,PRESTIGE,INE811K01011,1519.6,20
410,GRASIM,INE047A01021,2502.9,9.15
411,NHPC,INE848E01016,77.94,20
412,SHILPAMED,INE790G01031,824.85,20
413,TECHM,INE669C01036,1675.6,10.24
414,SGBDEC2513,IN0020170158,8250,10
415,REDINGTON,INE891D01026,186.18,20
416,ALKEM,INE540L01014,5571.2,20
417,NTPC,INE733E01010,381.35,11.86
418,JIOFIN,INE758E01017,299.4,20
419,PIDILITIND,INE318A01026,2988.55,20
420,RENUKA,INE087H01022,39.82,20
421,GANECOS,INE845D01014,2194.25,20
422,LICI,INE0J1Y01017,897.9,20
423,PPLPHARMA,INE0DK501011,259.7,20
424,JINDALSAW,INE324A01032,288.55,20
425,JBCHEPHARM,INE572A01036,1715.45,20
426,UNITDSPR,INE854D01024,1427.7,20
427,SGBNOV26,IN0020180314,7989,10
428,SGBSEP28VI,IN0020200195,7953,10
429,RELAXO,INE131B01039,683.8,20
430,SGBDEC25,IN0020170125,8106,10
431,JAMNAAUTO,INE039C01032,106.16,20
432,MANGLMCEM,INE347A01017,823.45,20
433,BAJAJHFL,INE377Y01014,129.3,20
434,CMSINFO,INE925R01014,490.1,20
435,MUTHOOTMF,INE046W01019,192.6,20
436,ARVINDFASN,INE955V01021,549.4,20
437,SBICARD,INE018E01016,680.3,20
438,TEGA,INE011K01018,2053.55,20
439,LOWVOLIETF,INF109KC19U5,20.87,6.85
440,PHOENIXLTD,INE211B01039,1446,20
441,AUROPHARMA,INE406A01037,1249.45,20
442,CERA,INE739E01017,6765.4,20
443,VPRPL,INE0AE001013,272.25,20.28
444,GATEWAY,INE079J01017,83.4,20
445,SUPRAJIT,INE399C01030,440.75,20
446,ORIENTPPR,INE592A01026,36.48,20
447,TBOTEK,INE673O01025,1591.45,20
448,AVANTEL,INE005B01027,146.42,20
449,HINDUNILVR,INE030A01027,2464.95,9
450,LUPIN,INE326A01037,2039,20
451,TIRUMALCHM,INE338A01024,311.7,20
452,ITBEES,INF204KB15V2,45.46,20
453,ALPL30IETF,INF109KC17V7,28.12,6
454,VRLLOG,INE366I01010,532.9,20
455,SETFGOLD,INF200KA16D8,65.13,20
456,MIDCAPETF,INF769K01IC9,20.28,6.4
457,SUDARSCHEM,INE659A01023,913.65,20
458,KSB,INE999A01023,799.05,20
459,LAURUSLABS,INE947Q01028,476.65,20
460,SUPREMEIND,INE195A01028,4516.2,20
461,LTIM,INE214T01019,5947.55,20
462,SYMPHONY,INE225D01027,1425.9,20
463,SGBOCT26,IN0020180249,7949,10
464,HINDOILEXP,INE345A01011,186.61,20
465,MON100,INF247L01AP3,173.61,6.89
466,VIPIND,INE054A01027,461.9,20
467,SUPRIYA,INE07RO01027,608.9,20
468,PTC,INE877F01012,170.92,20
469,HDFCAMC,INE127D01025,4249.15,20
470,JUSTDIAL,INE599M01018,1061.15,20
471,GOLD1,INF174KA1HJ8,63.7,20
472,ACE,INE731H01025,1228.2,20.6
473,SGBJ28VIII,IN0020190537,8375,10
474,LIQUIDETF,INF740KA1EU7,1000,5
475,UJJIVANSFB,INE551W01018,34.13,20
476,KALYANKJIL,INE303R01014,670.45,20
477,SYRMA,INE0DYJ01015,536.9,20
478,SPANDANA,INE572J01011,369.15,20
479,BALRAMCHIN,INE119A01028,547.6,20
480,PATELENG,INE244B01030,50.01,21.2
481,TATAELXSI,INE670A01012,6417.3,20
482,SGBMAR31IV,IN0020220169,8029.41,10
483,DBL,INE917M01012,477.25,20
484,SGBJAN30IX,IN0020210236,8003.02,10
485,PNBHOUSING,INE572E01012,924.65,20
486,PSUBNKBEES,INF204KB16I7,72.73,20
487,ADANIPORTS,INE742F01042,1287.9,16.26
488,HINDZINC,INE267A01025,485.7,20
489,ORCHPHARMA,INE191A01027,1451.25,20
490,NYKAA,INE388Y01029,172.23,20
491,JISLJALEQS,INE175A01038,64.49,22.83
492,J&KBANK,INE168A01041,95.96,20
493,SGBSEP29VI,IN0020210145,8001,10
494,PSB,INE608A01012,47.13,20.67
495,KIMS,INE967H01025,554.2,20
496,VIJAYA,INE043W01024,1017.05,20
497,BANCOINDIA,INE213C01025,699.2,20
498,METROPOLIS,INE112L01020,2050.15,20
499,TTKPRESTIG,INE690A01028,850,20
500,HGINFRA,INE926X01010,1197.8,20
501,PCBL,INE602A01031,385.15,20
502,TATACOMM,INE151A01013,1745.1,20
503,PITTIENG,INE450D01021,1266.25,20
504,GROWWLIQID,INF666M01IP5,100.92,5
505,ATGL,INE399L01023,678.9,20.43
506,DATAPATTNS,INE0IX101010,2172.15,20.39
507,RAINBOW,INE961O01016,1599.35,20
508,TEXRAIL,INE621L01012,195.45,22.72
509,SUNDRMFAST,INE387A01021,1198.95,20
510,ASHOKLEY,INE208A01029,217.42,20
511,AMBER,INE371P01015,6086.95,20
512,VESUVIUS,INE386A01015,5294.75,20
513,GSPL,INE246F01010,359.85,20
514,SGBDC27VII,IN0020190461,8100,10
515,TATAMOTORS,INE155A01022,786.25,11.86
516,SGBNOV25IX,IN0020170117,8000,10
517,ASKAUTOLTD,INE491J01022,408.8,20
518,FORCEMOT,INE451A01017,6704.05,23.42
519,BATAINDIA,INE176A01028,1317.95,20
520,INFIBEAM,INE483S01020,26.57,20
521,ORIENTELEC,INE142Z01019,226.03,20
522,CSBBANK,INE679A01013,308.75,20
523,MOLDTKPAC,INE893J01029,675.95,20
524,JKCEMENT,INE823G01014,3973.85,20
525,WABAG,INE956G01038,1662.2,20.29
526,KRN,INE0Q3J01015,619.9,20
527,AVANTIFEED,INE871C01038,565.4,20
528,ASHOKA,INE442H01029,233.31,20
529,RATNAMANI,INE703B01027,3512.2,20
530,POLYMED,INE205C01021,2655.15,20
531,COROMANDEL,INE169A01031,1684.95,20
532,CIEINDIA,INE536H01010,470.9,20
533,SGBDEC26,IN0020180389,8000,10
534,GLENMARK,INE935A01035,1539.4,20
535,SAMHI,INE08U801020,178.92,20
536,LT,INE018A01030,3547.95,10.53
537,STARHEALTH,INE575P01011,466.75,20
538,AXISBANK,INE238A01034,1139.15,9.8
539,RAILTEL,INE0DD101019,375.25,23.84
540,JSWENERGY,INE121E01018,728.95,20
541,ELECTCAST,INE086A01029,141.36,21.86
542,CAPACITE,INE264T01014,345.15,20
543,BSE,INE118H01025,4491.8,23.31
544,IPCALAB,INE571A01038,1504.85,20
545,FDC,INE258B01022,495.7,20
546,CENTRALBK,INE483A01010,52.02,20
547,DBREALTY,INE879I01012,152.41,24.99
548,HINDPETRO,INE094A01015,371.4,20
549,BAJFINANCE,INE296A01024,6566,10.34
550,NLCINDIA,INE589A01014,236.4,20.7
551,SURYAROSNI,INE335A01020,653.55,20
552,LTGILTBEES,INF204KB1882,26.88,10
553,KESORAMIND,INE087A01019,206.56,20
554,INGERRAND,INE177A01018,4098.4,20
555,ABBOTINDIA,INE358A01014,27629.8,20
556,PARADEEP,INE088F01024,106.72,20
557,DEN,INE947J01015,43.24,20
558,SCI,INE109A01011,211.46,22.47
559,IOC,INE242A01010,135.99,20
560,OBEROIRLTY,INE093I01010,1927.15,20
561,BALKRISIND,INE787D01026,2652.7,20
562,IEX,INE022Q01020,162.72,20
563,EMBDL,INE069I01010,114.7,23.64
564,ENDURANCE,INE913H01037,2398.25,20
565,MIDHANI,INE099Z01011,306.4,20
566,DREAMFOLKS,INE0JS101016,415.75,20
567,ANUP,INE294Z01018,3243.85,21.2
568,STYLEBAAZA,INE01FR01028,317.4,20
569,INDHOTEL,INE053A01029,714.15,20
570,AUTOBEES,INF204KC1337,232.92,20
571,GENESYS,INE727B01026,707.75,23.88
572,PNB,INE160A01022,100.56,20
573,ISGEC,INE858B01029,1249.95,20
574,FSL,INE684F01012,349.45,20
575,ULTRACEMCO,INE481G01011,10782.2,9
576,ASTRAZEN,INE203A01020,7128.65,20
577,PRINCEPIPE,INE689W01016,442.3,20
578,BANKBARODA,INE028A01039,243.3,20
579,ICICIGI,INE765G01017,1868.2,20
580,GHCL,INE539A01019,568.25,20
581,SUNPHARMA,INE044A01036,1779,9
582,LIQUIDCASE,INF0R8F01034,105.33,5
583,RAMCOCEM,INE331A01037,883.9,20
584,GLAND,INE068V01023,1703.4,20
585,BEL,INE263A01024,281.55,15.04
586,SKIPPER,INE439E01022,518.45,26.17
587,BCLIND,INE412G01024,52.8,20
588,CONCOR,INE111A01025,792.35,20
589,SWARAJENG,INE277A01016,2878.95,20
590,SGBDEC25XI,IN0020170133,8050,10
591,INDGN,INE065X01017,643.4,20
592,SAMMAANCAP,INE148I01020,133.74,20
593,FMCGIETF,INF109KC19V3,59.6,20
594,GAIL,INE129A01019,189.47,20
595,REDTAPE,INE0LXT01019,878.75,20
596,PATANJALI,INE619A01035,1843,20
597,CREDITACC,INE741K01010,897,20
598,DELHIVERY,INE148O01028,330.3,20
599,ABFRL,INE647O01011,290.1,20
600,FINPIPE,INE183A01024,263.3,20
601,SGBJU29III,IN0020210087,7955.13,10
602,IOB,INE565A01014,49.32,20.57
603,TMB,INE668A01016,435.05,20
604,SCHAEFFLER,INE513A01022,3397.4,20
605,ICICIPRULI,INE726G01019,688,20
606,GRWRHITECH,INE291A01017,3734.4,23.54
607,QUICKHEAL,INE306L01010,574.25,24.07
608,CHOICEIN,INE102B01014,507.15,20
609,ISEC,INE763G01038,841,20
610,ABCAPITAL,INE674K01013,187.61,20
611,PRECWIRE,INE372C01037,169.14,23.05
612,UTIAMC,INE094J01016,1263.2,20
613,TIMETECHNO,INE508G01029,365.9,20.46
614,BAJAJCON,INE933K01021,204.02,20
615,GLOBUSSPR,INE615I01010,887.15,20.48
616,MANINFRA,INE949H01023,172.44,20
617,BALUFORGE,INE011E01029,716,20
618,DIXON,INE935N01020,14719.95,20
619,CONCORDBIO,INE338H01029,1853.75,20
620,MSUMI,INE0FS801015,60.28,20
621,CYIENT,INE136B01020,1795.4,20
622,SGBMAY28,IN0020200088,7971.02,10
623,SHRIPISTON,INE526E01018,1962.3,20
624,NATIONALUM,INE139A01034,219.69,20
625,KSCL,INE455I01029,828.95,20
626,MEDIASSIST,INE456Z01021,592.75,20
627,BHARTIARTL,INE397D01024,1550.45,9
628,DALBHARAT,INE00R701025,1737.6,20
629,BEPL,INE922A01025,119.99,20
630,DALMIASUG,INE495A01022,419.05,20
631,SILVER,INF209KB19F6,90.9,20
632,STAR,INE939A01011,1388.85,20
633,PRAJIND,INE074A01025,675.4,20
634,AKUMS,INE09XN01023,612.7,20
635,MRPL,INE103A01014,152.62,21.35
636,LIQUID1,INF174KA1LV5,1018.52,5
637,DCW,INE500A01029,94.44,22.72
638,BHARATFORG,INE465A01025,1321.5,20
639,VEDL,INE205A01025,434.75,20
640,GPIL,INE177H01039,185.16,20
641,WONDERLA,INE066O01014,836.65,20
642,AMBUJACEM,INE079A01024,545.35,20
643,VOLTAS,INE226A01021,1685.4,20
644,NAM-INDIA,INE298J01013,670.05,20
645,CANFINHOME,INE477A01020,815.6,20
646,SILVERIETF,INF109KC1Y56,91.12,20
647,MAPMYINDIA,INE0BV301023,1768.75,20
648,DLF,INE271C01023,748.55,20
649,CARBORUNIV,INE120A01034,1420.9,20
650,NESCO,INE317F01035,975.8,20
651,SGBJUN27,IN0020190073,7900.01,10
652,MAHSEAMLES,INE271B01025,599.95,20
653,VBL,INE200M01039,568.1,20
654,BALAMINES,INE050E01027,1996.9,20
655,NAVINFLUOR,INE048G01026,3267.8,20
656,SGBJUL29IV,IN0020210111,7959.39,10
657,JMFINANCIL,INE780C01023,129.35,20
658,CEIGALL,INE0AG901020,303,20
659,SIGACHI,INE0D0K01022,50.85,20
660,LIQUIDIETF,INF109KC1KT9,1000,5
661,LALPATHLAB,INE600L01024,2957.15,20
662,JKPAPER,INE789E01012,408.3,20
663,EMSLIMITED,INE0OV601013,742.1,20
664,INDIACEM,INE383A01012,354.7,20
665,BLUEDART,INE233B01017,7440.7,20
666,RELIGARE,INE621H01010,239.76,20
667,HITECH,INE106T01025,165.93,20
668,APTECHT,INE266F01018,172.37,20
669,MOM100,INF247L01023,57.65,6.24
670,KOLTEPATIL,INE094I01018,360.1,20
671,RALLIS,INE613A01020,306.95,20
672,EMIL,INE02YR01019,165.61,20
673,FINEORG,INE686Y01026,4711.4,20
674,CIPLA,INE059A01026,1505.6,10.09
675,LXCHEM,INE576O01020,251.2,20
676,GREENPLY,INE461C01038,315.55,20
677,DEEDEV,INE841L01016,272.65,20
678,MANAPPURAM,INE522D01027,158.1,20
679,STLTECH,INE089C01029,117.38,20
680,LIQUIDADD,INF740KA1UM0,1040.7,5
681,TCS,INE467B01029,4150.35,9
682,EIDPARRY,INE126A01031,772.7,20
683,PNBGILTS,INE859A01011,113.26,20
684,LLOYDSME,INE281B01032,942.05,20
685,DWARKESH,INE366A01041,62.06,20
686,HUDCO,INE031A01017,201.88,23.87
687,SGBFEB28IX,IN0020190545,8009.05,10
688,POWERMECH,INE211R01019,2569,20
689,ADANIGREEN,INE364U01010,1468.45,20.06
690,IDFCFIRSTB,INE092T01019,63.62,20
691,AWFIS,INE108V01019,728.25,20
692,BAJAJ-AUTO,INE917I01010,9452.15,11.53
693,WELENT,INE625G01013,456.35,20
694,PRICOLLTD,INE726V01018,450.4,20
695,JKLAKSHMI,INE786A01032,709.4,20
696,PRSMJOHNSN,INE010A01011,187.58,20
697,GANDHAR,INE717W01049,204.42,20
698,CIGNITITEC,INE675C01017,1390.65,20
699,GRAVITA,INE024L01027,2158.05,24.25
700,BHEL,INE257A01026,222.56,20
701,USHAMART,INE228A01035,367.9,20
702,BOSCHLTD,INE323A01026,33212,20
703,BIKAJI,INE00E101023,822.85,20
704,RATEGAIN,INE0CLI01024,716.85,20
705,MAHSCOOTER,INE288A01013,9935.4,20
706,DABUR,INE016A01026,510.85,20
707,CHENNPETRO,INE178A01016,597.2,22.25
708,EQUITASBNK,INE063P01018,62.75,20
709,KRBL,INE001B01026,267.7,20
710,NIFTYBEES,INF204KB14I2,263.64,6
711,CPSEETF,INF457M01133,88.44,20
712,KEI,INE878B01027,3889.95,20
713,ARKADE,INE0QRL01017,135.48,20
714,DODLA,INE021O01019,1160.5,20
715,SGBNOV24,IN0020160076,7758.2,10
716,JUBLFOOD,INE797F01020,625.2,20
717,SBILIFE,INE123W01016,1546.7,9.43
718,SOLARINDS,INE343H01029,9688.35,20
719,PARAGMILK,INE883N01014,202.58,20
720,ZEEL,INE256A01028,114.9,22.31
721,SONATSOFTW,INE269A01021,573.95,20
722,MAHLOG,INE766P01016,393.2,20
723,CCL,INE421D01022,697.3,20
724,OFSS,INE881D01027,11762.15,20
725,JBMA,INE927D01044,1468.3,20
726,HEMIPROP,INE0AJG01018,165.21,20
727,CUMMINSIND,INE298A01020,3326.05,20
728,SGBDE31III,IN0020230168,8241.78,10
729,NBCC,INE095N01031,89.51,22.46
730,REPCOHOME,INE612J01015,462.85,20
731,AWHCL,INE01BK01022,616.95,22.28
732,CAMS,INE596I01012,4492.3,20
733,INDIGOPNTS,INE09VQ01012,1500.4,20
734,SGBOC28VII,IN0020200203,7981.68,10
735,NAZARA,INE418L01021,887.55,20
736,STYRENIX,INE189B01011,2375.85,20
737,ECOSMOBLTY,INE06HJ01020,351.75,20
738,MPHASIS,INE356A01018,2845.35,20
739,JUBLINGREA,INE0BY001018,665.3,20
740,SGBAUG30,IN0020220078,8158,10
741,SSWL,INE802C01033,195.92,20
742,BBTC,INE050A01025,2560.5,20.33
743,BLSE,INE0NLT01010,210.45,20
744,GSEC5IETF,INF109KC14A8,58.24,80
745,ZOMATO,INE758T01015,258.4,20
746,BAYERCROP,INE462A01022,6078.8,20
747,HFCL,INE548A01028,120.7,22.54
748,CRISIL,INE007A01025,5269.65,20
749,POWERGRID,INE752E01010,318,11.47
750,GESHIP,INE017A01032,1085.45,20
751,APOLLOTYRE,INE438A01022,456.6,20
752,CELLO,INE0LMW01024,816.45,20
753,ANANDRATHI,INE463V01026,3821.6,20
754,SGBDEC2512,IN0020170141,8450,10
755,EMUDHRA,INE01QM01018,881.55,20
756,SUNTV,INE424H01027,724.7,20
757,SGBFEB32IV,IN0020230184,8299.91,10
758,ITDCEM,INE686A01026,520.3,23.3
759,RHIM,INE743M01012,530.4,20
760,ROUTE,INE450U01017,1424.55,20
761,BAJAJHIND,INE306A01021,30.51,22.78
762,AGI,INE415A01038,921.25,20.17
763,BRIGADE,INE791I01019,1073.05,20
764,GULFOILLUB,INE635Q01029,1088.2,20
765,NH,INE410P01011,1258.8,20
766,SGBMR29XII,IN0020200427,7959.18,10
767,GILT5YBEES,INF204KC1030,58.14,10
768,GOLDIETF,INF109KC1NT3,65.26,20
769,ASTRAMICRO,INE386C01029,737.65,20
770,KIRLOSBROS,INE732A01036,1933.2,23.36
771,EKC,INE184H01027,166.65,21.99
772,SHREDIGCEM,INE232A01011,85.57,20
773,NESTLEIND,INE239A01024,2235.25,9
774,UNIONBANK,INE692A01016,115.66,20
775,PRUDENT,INE00F201020,2884,21.55
776,SANGHVIMOV,INE989A01032,377.75,22.59
777,MOTHERSON,INE775A01035,159.89,20
778,ERIS,INE406M01024,1329.15,20
779,EIHOTEL,INE230A01023,354.35,20
780,TITAGARH,INE615H01020,1089.2,22.27
781,CHOLAHLDNG,INE149A01033,1555.3,20
782,DEVYANI,INE872J01023,169.09,20
783,EPIGRAL,INE071N01016,1911.1,20.84
784,SKFINDIA,INE640A01023,4880.3,20
785,SGBJUN31I,IN0020230069,8152.84,10
786,TATAGOLD,INF277KA1976,7.41,20
787,METROBRAND,INE317I01021,1127.75,20
788,TORNTPOWER,INE813H01021,1645.1,20
789,IRCON,INE962Y01021,191.86,22.99
790,NAVA,INE725A01022,891.6,20.03
791,POONAWALLA,INE511C01022,347.45,20
792,LEMONTREE,INE970X01018,118.16,20
793,JINDALSTEL,INE749A01030,858.65,20
794,360ONE,INE466L01038,1016.8,20
795,BLS,INE153T01027,384.1,20
796,INDIAMART,INE933S01016,2297.6,20
797,VGUARD,INE951I01027,409.7,20
798,QUESS,INE615P01015,635.95,20
799,GRINFRA,INE201P01022,1571.1,20
800,MANYAVAR,INE825V01034,1327.7,20
801,INDIASHLTR,INE922K01024,646.2,20
802,DYNAMATECH,INE221B01012,6961.5,20
803,CESC,INE486A01021,174.98,20
804,SJS,INE284S01014,1139.8,20
805,KRSNAA,INE08LI01020,899.5,20
806,VENKEYS,INE398A01010,1713.4,20
807,ADANIPOWER,INE814H01011,547,20
808,HEIDELBERG,INE578A01017,216.06,20
809,OLAELEC,INE0LXG01040,70.95,20
810,LUXIND,INE150G01020,1865.65,20
811,GSFC,INE026A01025,197.97,20
812,ALEMBICLTD,INE426A01027,126.89,20
813,COALINDIA,INE522F01014,406.9,12.9
814,SUNTECK,INE805D01034,490,20
815,MEDANTA,INE474Q01031,1032.55,20
816,AEGISLOG,INE208C01025,771.85,20
817,GLAXO,INE159A01016,2452.7,20
818,VSTIND,INE710A01016,311.55,20
819,ASAHIINDIA,INE439A01020,657.25,20
820,PFC,INE134E01011,461.45,20
821,SNOWMAN,INE734N01019,63.34,20
822,CRAFTSMAN,INE00LO01017,4670.5,20
823,LIQUIDSBI,INF200KA13Z8,1000,5
824,SGBFEB29XI,IN0020200393,7977.5,10
825,KCP,INE805C01028,222.53,20.08
826,SGBJAN27,IN0020180462,8090,10
827,ZYDUSWELL,INE768C01010,1868.2,20
828,SAPPHIRE,INE806T01020,308.95,20
829,LUMAXTECH,INE872H01027,483.6,20
830,ICIL,INE483B01026,334.05,20
831,SUBROS,INE287B01021,620.2,20
832,SHYAMMETL,INE810G01011,796.25,20
833,CROMPTON,INE299U01018,385,20
834,AUTOIETF,INF109KC10V2,23.28,20
835,HEG,INE545A01024,405.15,20
836,WELCORP,INE191B01025,690.1,20
837,HDFCGOLD,INF179KC1981,65.03,20
838,CAMPUS,INE278Y01022,279.9,20
839,AMIORG,INE00FF01017,1974.35,20
840,FIRSTCRY,INE02RE01045,518.45,20
841,JSL,INE220G01021,692.1,20
842,SGBFEB27,IN0020180561,8200,10
843,ESAFSFB,INE818W01011,42.05,20
844,GREAVESCOT,INE224A01026,159.23,20
845,MOL,INE0CT101020,93.05,20
846,EASEMYTRIP,INE07O001026,30.03,20
847,ELECON,INE205B01031,543.8,20.43
848,MTARTECH,INE864I01014,1559.85,20
849,KPIL,INE220B01022,1186.7,20
850,AARTIIND,INE769A01020,428.65,20
851,VOLTAMP,INE540H01012,9714.3,22.25
852,IRCTC,INE335Y01020,801.4,20
853,NUVAMA,INE531F01015,6360.65,20
854,RKFORGE,INE399G01023,922.8,20
855,SGBJAN29X,IN0020200385,7970,10
856,TEAMLEASE,INE985S01024,2716.1,20
857,GNFC,INE113A01013,545,20
858,ETHOSLTD,INE04TZ01018,2881.75,20
859,KPITTECH,INE04I401011,1357.95,20
860,DCMSHRIRAM,INE499A01024,1187.15,20
861,LTTS,INE010V01017,5174.75,20
862,GRAPHITE,INE371A01025,485.5,20
863,MAXHEALTH,INE027H01010,1001.9,20
864,GODREJAGRO,INE850D01014,703.5,20
865,JKIL,INE576I01022,693.7,20
866,SJVN,INE002L01015,104.19,21.41
867,AIAENG,INE212H01026,3514.7,20
868,UFLEX,INE516A01017,584.8,20
869,ALLCARGO,INE418H01029,52.57,20
870,RITES,INE320J01015,269.6,20.35
871,EPL,INE255A01020,261.25,20
872,IKIO,INE0LOJ01019,251.05,20
873,MARICO,INE196A01026,597.2,20
874,GRANULES,INE101D01020,532.4,20
875,ICICIBANK,INE090A01021,1253.7,9
876,AXITA,INE02EZ01022,13.98,20
877,HDFCSML250,INF179KC1FB2,168.33,6.39
878,ASIANPAINT,INE021A01026,2470.5,9
879,RIIL,INE046A01015,1018.35,20
880,BALMLAWRIE,INE164A01016,216.51,20
881,GICHSGFIN,INE289B01019,202.7,20
882,SURYODAY,INE428Q01011,142.81,20
883,CASTROLIND,INE172A01027,190.28,20
884,HDFCLIQUID,INF179KC1HE2,1000,5
885,IRB,INE821I01022,48.52,20.37