Confirmed list of securities to be auctioned in A 2024216 to be held on Nov 14 2024.

Sr No,Symbol,Series,Total Qty
1,AARTIIND,EQ,10
2,ABB,EQ,10
3,ACI,EQ,198
4,ACMESOLAR,EQ,45
5,ADANIENT,EQ,2
6,ADANIPOWER,EQ,404
7,ADROITPP1,E1,2652
8,AFCONS,EQ,35
9,AGI,EQ,25
10,ALKEM,EQ,1
11,ALKYLAMINE,EQ,8
12,ALPHAETF,EQ,585
13,ALPHAGEO,EQ,25
14,AMBICAAGAR,EQ,203
15,ANDHRAPAP,EQ,50
16,APLAPOLLO,EQ,50
17,APOLLOHOSP,EQ,9
18,APTECHT,EQ,23
19,ASIANHOTNR,EQ,106
20,ASIANPAINT,EQ,50
21,ASTERDM,EQ,11
22,ASTRAZEN,EQ,4
23,AUSOMENT,EQ,369
24,AVALON,EQ,40
25,AXISBPSETF,EQ,3
26,AXSENSEX,EQ,1
27,AZAD,EQ,9
28,BAJAJFINSV,EQ,7
29,BAJAJHFL,EQ,4
30,BALAJEE,EQ,80
31,BANKBARODA,EQ,665
32,BBETF0432,EQ,2
33,BECTORFOOD,EQ,19
34,BHARTIARTL,EQ,1
35,BHEL,EQ,958
36,BIOCON,EQ,150
37,BORORENEW,EQ,106
38,BRITANNIA,EQ,33
39,BSE,EQ,372
40,CAPACITE,EQ,100
41,CARERATING,EQ,332
42,CCL,EQ,50
43,CDSL,EQ,638
44,CHALET,EQ,46
45,CINEVISTA,EQ,902
46,CIPLA,EQ,11
47,COFORGE,EQ,11
48,COSMOFIRST,EQ,500
49,DALMIASUG,EQ,1
50,DATAMATICS,EQ,50
51,DAVANGERE,EQ,257
52,DELHIVERY,EQ,4
53,DEVIT,EQ,18
54,DIFFNKG,EQ,501
55,DISHTV,EQ,5
56,DRREDDY,EQ,2
57,DYCL,EQ,225
58,EBBETF0425,EQ,7
59,EIHOTEL,EQ,231
60,EMAMILTD,EQ,120
61,EMBDL,EQ,300
62,ENERGYDEV,EQ,145
63,FCL,EQ,58
64,FDC,EQ,1
65,FINCABLES,EQ,30
66,FUSION,EQ,27
67,GAIL,EQ,327
68,GALAPREC,EQ,75
69,GANESHHOUC,EQ,207
70,GESHIP,EQ,50
71,GILLANDERS,EQ,663
72,GLAND,EQ,11
73,GLENMARK,EQ,91
74,GMRP&UI,EQ,1000
75,GODAVARIB,EQ,135
76,GODREJAGRO,EQ,5
77,GODREJIND,EQ,100
78,GOLDIAM,EQ,500
79,GROWWLIQID,EQ,65
80,GUJALKALI,EQ,1
81,GULPOLY,EQ,1
82,HAL,EQ,10
83,HAPPYFORGE,EQ,38
84,HARIOMPIPE,EQ,24
85,HAVELLS,EQ,6
86,HBSL,EQ,149
87,HCLTECH,EQ,26
88,HDFCLIQUID,EQ,2
89,HEG,EQ,10
90,HERCULES,EQ,982
91,HEROMOTOCO,EQ,20
92,HIKAL,EQ,200
93,HIMATSEIDE,EQ,1000
94,HINDALCO,EQ,1
95,HVAX,SM,300
96,HYUNDAI,EQ,28
97,IDBI,EQ,2000
98,IDEA,EQ,1802
99,INDHOTEL,EQ,10
100,INDIANHUME,EQ,339
101,INDUSINDBK,EQ,20
102,INFIBEAM,EQ,2000
103,INOXINDIA,EQ,110
104,INOXWIND,EQ,50
105,IRFC,EQ,120
106,ITC,EQ,400
107,ITI,EQ,133
108,JAGRAN,EQ,39
109,JCHAC,EQ,6
110,JINDALSTEL,EQ,114
111,JKTYRE,EQ,60
112,JMFINANCIL,EQ,1875
113,JPPOWER,EQ,39
114,JSWENERGY,EQ,110
115,JSWSTEEL,EQ,185
116,JUSTDIAL,EQ,48
117,JYOTHYLAB,EQ,3
118,KALYANIFRG,EQ,2
119,KALYANKJIL,EQ,20
120,KARMAENG,EQ,2
121,KCP,EQ,253
122,KERNEX,EQ,16
123,KHFM,SM,6200
124,KIOCL,EQ,10
125,KIRLOSBROS,EQ,10
126,KPRMILL,EQ,100
127,KSHITIJPOL,EQ,3874
128,LAMBODHARA,EQ,27
129,LEMONTREE,EQ,792
130,LINCOLN,EQ,25
131,LIQUID,EQ,10
132,LIQUIDBEES,EQ,355
133,LIQUIDCASE,EQ,14250
134,LIQUIDETF,EQ,10
135,LIQUIDSHRI,EQ,9
136,LLOYDSENGG,EQ,1
137,LORDSCHLO,EQ,50
138,LTFOODS,EQ,25
139,M&MFIN,EQ,64000
140,MANAKALUCO,EQ,10
141,MANAPPURAM,EQ,9
142,MANINFRA,EQ,67
143,MARUTI,EQ,5
144,MAZDOCK,EQ,51
145,METROPOLIS,EQ,12
146,MHLXMIRU,EQ,5
147,MHRIL,EQ,1
148,MID150BEES,EQ,46
149,MIDHANI,EQ,126
150,MITCONPP,E1,1
151,MOGSEC,EQ,28
152,MONARCH,EQ,500
153,NAGREEKCAP,EQ,315
154,NAVINIFTY,EQ,5
155,NCC,EQ,100
156,NRBBEARING,EQ,216
157,NTPC,EQ,54
158,NV20BEES,EQ,10
159,OFSS,EQ,5
160,OLAELEC,EQ,1
161,ONGC,EQ,220
162,ORIENTPPR,EQ,2480
163,ORIENTTECH,EQ,23
164,PARADEEP,EQ,1007
165,PATELENG,EQ,1015
166,PAYTM,EQ,489
167,PEL,EQ,110
168,PFC,EQ,10
169,PGHH,EQ,1
170,PGHL,EQ,1
171,PILANIINVS,EQ,1
172,PIXTRANS,EQ,372
173,PNBHOUSING,EQ,1
174,PNC,EQ,500
175,POLICYBZR,EQ,14
176,PPAP,EQ,1
177,PREMEXPLN,EQ,10
178,PRESTIGE,EQ,21
179,PRITI,EQ,150
180,PRSMJOHNSN,EQ,62
181,PTL,EQ,5
182,QNIFTY,EQ,2
183,RATEGAIN,EQ,49
184,RATNAMANI,EQ,108
185,RECLTD,EQ,50
186,RELIANCE,EQ,80
187,RGL,EQ,3
188,RKEC,EQ,13
189,ROTO,EQ,25
190,RUSTOMJEE,EQ,10
191,SAGCEM,EQ,40
192,SAGILITY,EQ,11
193,SAHASRA,SM,800
194,SANSTAR,EQ,88
195,SAREGAMA,EQ,3
196,SATIN,EQ,66
197,SBICARD,EQ,300
198,SBIN,EQ,531
199,SCI,EQ,1781
200,SDL26BEES,EQ,15
201,SETFGOLD,EQ,154
202,SHAILY,EQ,116
203,SHILPAMED,EQ,60
204,SHK,EQ,367
205,SHREDIGCEM,EQ,225
206,SIEMENS,EQ,3
207,SIGNATURE,EQ,7
208,SINDHUTRAD,EQ,190
209,SIYSIL,EQ,50
210,SJVN,EQ,500
211,SKIPPER,EQ,27
212,SMSPHARMA,EQ,1
213,SOLARA,EQ,2
214,SPLIL,EQ,151
215,SULA,EQ,1
216,SUNPHARMA,EQ,15
217,SUVENPHAR,EQ,64
218,SWIGGY,EQ,3365
219,SWSOLAR,EQ,1000
220,TAINWALCHM,EQ,4
221,TAJGVK,EQ,50
222,TARC,EQ,200
223,TATAELXSI,EQ,2
224,TATAINVEST,EQ,10
225,TATAMOTORS,EQ,35
226,TATASTEEL,EQ,50
227,TBOTEK,EQ,58
228,TEJASNET,EQ,95
229,TERASOFT,EQ,11852
230,THYROCARE,EQ,13
231,TITAN,EQ,12
232,TREL,EQ,56
233,TRENT,EQ,14
234,TRIDENT,EQ,8889
235,TVSMOTOR,EQ,4
236,UNICHEMLAB,EQ,500
237,UNIDT,EQ,100
238,UNIECOM,EQ,54
239,UNIONBANK,EQ,345
240,UNIVCABLES,EQ,100
241,UNOMINDA,EQ,25
242,UPL,EQ,12
243,USK,EQ,1
244,UTIAMC,EQ,50
245,VAKRANGEE,EQ,2
246,VARROC,EQ,30
247,VEDL,EQ,180
248,VERANDA,EQ,400
249,VIESL,SM,800
250,VIJAYA,EQ,52
251,VINATIORGA,EQ,25
252,VISHNU,EQ,81
253,VSTL,EQ,42
254,WAAREEENER,EQ,131
255,WABAG,EQ,75
256,WELCORP,EQ,170
257,WINDMACHIN,EQ,1237
258,WIPRO,EQ,60
259,ZEELEARN,EQ,880
260,ZENSARTECH,EQ,200
261,ZOMATO,EQ,1356
262,ZUARI,EQ,531
263,ZUARIIND,EQ,1
