SERIES,SYMBOL,SECURITY,RECORD_DT,BC_STRT_DT,BC_END_DT,EX_DT,ND_STRT_DT,ND_END_DT,PURPOSE
BE,PGHH,P&G HYGIENE & HEALTH CARE, ,20/11/2024,26/11/2024,19/11/2024, , ,AGM/DIV - RS 95 PER SH   
BE,OIL,Oil India Ltd,15/11/2024, , ,14/11/2024, , ,INTDIV - RS 3 PER SH     
BE,SAFARI,Safari Ind (India) Ltd,19/11/2024, , ,19/11/2024, , ,INTDIV - RS 1.50 PER SH  
BE,RSYSTEMS,R Systems International L,19/11/2024, , ,19/11/2024, , ,INTDIV - RS 6.50 PER SH  
BE,GPPL,Gujarat Pipavav Port Ltd,19/11/2024, , ,19/11/2024, , ,INTDIV - RS 4 PER SH     
BE,GLOBAL,Global Education Limited, ,11/11/2024,19/11/2024,08/11/2024, , ,EGM                      
BE,JTLIND,JTL Infra Ltd,15/11/2024, , ,14/11/2024, , ,FVSPLT FRM RS 2 TO RE 1  
BE,ARE&M,Amara Raja Batt Ltd-Depo,14/11/2024, , ,14/11/2024, , ,INTDIV - RS 5.30 PER SH  
BE,HMT,HMT Ltd, ,16/11/2024,22/11/2024,14/11/2024, , ,ANNUAL GENERAL MEETING   
BE,IRCTC,Indian Rail Tour Corp Ltd,14/11/2024, , ,14/11/2024, , ,INTDIV - RS 4 PER SH     
BE,POWERGRID,Power Grid Corporation of,14/11/2024, , ,14/11/2024, , ,INTDIV - RS 4.50 PER SH  
BE,ASIANPAINT,Asian Paints Limited,19/11/2024, , ,19/11/2024, , ,INTDIV - RS 4.25 PER SH  
BE,KPIGREEN,KPI Global Infra Ltd,14/11/2024, , ,14/11/2024, , ,INTDIV - RE 0.20 PER SH  
BE,DIACABS,Diamond Power Infra Ltd, ,09/11/2024,15/11/2024,08/11/2024, , ,EGM                      
BE,RGL,Renaissance Global Ltd, ,09/11/2024,16/11/2024,08/11/2024, , ,EGM                      
BE,CONCOR,Container Corp of India,15/11/2024, , ,14/11/2024, , ,INTDIV - RS 3.25 PER SH  
BE,RITES,RITES Limited,15/11/2024, , ,14/11/2024, , ,INTDIV - RS 1.75 PER SH  
BE,VIVIDHA,Visagar Polytex Ltd, ,18/11/2024,22/11/2024,14/11/2024, , ,EGM                      
BE,EMAMILTD,Emami Limited,18/11/2024, , ,18/11/2024, , ,INTDIV - RS 4 PER SH     
BE,ASTRAL,Astral Limited,15/11/2024, , ,14/11/2024, , ,INTDIV - RS 1.50 PER SH  
BE,APTUS,Aptus Value Hsg Fin I Ltd,15/11/2024, , ,14/11/2024, , ,INTDIV - RS 2 PER SH     
BE,PAGEIND,Page Industries Limited,16/11/2024, , ,14/11/2024, , ,INTDIV - RS 250 PER SH   
BE,VIDHIING,Vidhi Spl Food Ingred Ltd,20/11/2024, , ,19/11/2024, , ,INTDIV - RE 1 PER SH     
BE,BCG,Lycos Internet Limited, ,14/11/2024,21/11/2024,13/11/2024, , ,ANNUAL GENERAL MEETING   
BE,MANAPPURAM,Manappuram Finance Ltd,18/11/2024, , ,18/11/2024, , ,INTDIV - RE 1 PER SH     
BE,ASHOKLEY,ASHOK LEYLAND LTD,19/11/2024, , ,19/11/2024, , ,INTDIV - RS 2 PER SH     
BE,SUNDRMFAST,Sundram Fasteners Ltd,18/11/2024, , ,18/11/2024, , ,INTDIV - RS 3 PER SH     
BE,AKZOINDIA,Akzo Nobel India Limited,20/11/2024, , ,19/11/2024, , ,INTDIV - RS 70 PER SH    
BE,SHRADHA,Shradha Infraprojects Ltd, ,11/11/2024,19/11/2024,08/11/2024, , ,EGM                      
BE,IMFA,Indian Metals & Ferro,15/11/2024, , ,14/11/2024, , ,INTDIV - RS 10 PER SH    
BZ,BCG,Lycos Internet Limited, ,14/11/2024,21/11/2024,13/11/2024, , ,ANNUAL GENERAL MEETING   
BZ,HMT,HMT Ltd, ,16/11/2024,22/11/2024,14/11/2024, , ,ANNUAL GENERAL MEETING   
EQ,PGHH,P&G Hygiene & Healthcare, ,20/11/2024,26/11/2024,19/11/2024, , ,AGM/DIV - RS 95 PER SH   
EQ,OIL,Oil India Ltd,15/11/2024, , ,14/11/2024, , ,INTDIV - RS 3 PER SH     
EQ,HMT,HMT Ltd, ,16/11/2024,22/11/2024,14/11/2024, , ,ANNUAL GENERAL MEETING   
EQ,SAFARI,Safari Ind (India) Ltd,19/11/2024, , ,19/11/2024, , ,INTDIV - RS 1.50 PER SH  
EQ,RSYSTEMS,R Systems International L,19/11/2024, , ,19/11/2024, , ,INTDIV - RS 6.50 PER SH  
EQ,GPPL,Gujarat Pipavav Port Ltd,19/11/2024, , ,19/11/2024, , ,INTDIV - RS 4 PER SH     
EQ,GLOBAL,Global Education Limited, ,11/11/2024,19/11/2024,08/11/2024, , ,EGM                      
EQ,IRCTC,Indian Rail Tour Corp Ltd,14/11/2024, , ,14/11/2024, , ,INTDIV - RS 4 PER SH     
EQ,POWERGRID,Power Grid Corporation of,14/11/2024, , ,14/11/2024, , ,INTDIV - RS 4.50 PER SH  
EQ,KPIGREEN,KPI Global Infra Ltd,14/11/2024, , ,14/11/2024, , ,INTDIV - RE 0.20 PER SH  
EQ,ASIANPAINT,Asian Paints Limited,19/11/2024, , ,19/11/2024, , ,INTDIV - RS 4.25 PER SH  
EQ,DIACABS,Diamond Power Infra Ltd, ,09/11/2024,15/11/2024,08/11/2024, , ,EGM                      
EQ,EMAMILTD,Emami Limited,18/11/2024, , ,18/11/2024, , ,INTDIV - RS 4 PER SH     
EQ,RGL,Renaissance Global Ltd, ,09/11/2024,16/11/2024,08/11/2024, , ,EGM                      
EQ,CONCOR,Container Corp of India,15/11/2024, , ,14/11/2024, , ,INTDIV - RS 3.25 PER SH  
EQ,ASTRAL,Astral Limited,15/11/2024, , ,14/11/2024, , ,INTDIV - RS 1.50 PER SH  
EQ,RITES,RITES Limited,15/11/2024, , ,14/11/2024, , ,INTDIV - RS 1.75 PER SH  
EQ,VIVIDHA,Visagar Polytex Ltd, ,18/11/2024,22/11/2024,14/11/2024, , ,EGM                      
EQ,APTUS,Aptus Value Hsg Fin I Ltd,15/11/2024, , ,14/11/2024, , ,INTDIV - RS 2 PER SH     
EQ,PAGEIND,Page Industries Limited,16/11/2024, , ,14/11/2024, , ,INTDIV - RS 250 PER SH   
EQ,VIDHIING,Vidhi Spl Food Ingred Ltd,20/11/2024, , ,19/11/2024, , ,INTDIV - RE 1 PER SH     
EQ,BCG,Lycos Internet Limited, ,14/11/2024,21/11/2024,13/11/2024, , ,ANNUAL GENERAL MEETING   
EQ,MANAPPURAM,Manappuram Finance Ltd,18/11/2024, , ,18/11/2024, , ,INTDIV - RE 1 PER SH     
EQ,ASHOKLEY,Ashok Leyland Ltd.,19/11/2024, , ,19/11/2024, , ,INTDIV - RS 2 PER SH     
EQ,SUNDRMFAST,Sundram Fasteners Ltd,18/11/2024, , ,18/11/2024, , ,INTDIV - RS 3 PER SH     
EQ,AKZOINDIA,Akzo Nobel India Limited,20/11/2024, , ,19/11/2024, , ,INTDIV - RS 70 PER SH    
EQ,SHRADHA,Shradha Infraprojects Ltd, ,11/11/2024,19/11/2024,08/11/2024, , ,EGM                      
EQ,IMFA,Indian Metals & Ferro,15/11/2024, , ,14/11/2024, , ,INTDIV - RS 10 PER SH    
EQ,ARE&M,Amara Raja Batt Ltd,14/11/2024, , ,14/11/2024, , ,INTDIV - RS 5.30 PER SH  
EQ,JTLIND,JTL Infra Ltd,15/11/2024, , ,14/11/2024, , ,FVSPLT FRM RS 2 TO RE 1  
GS,679GS2027,GOI LOAN 6.79% 2027,14/11/2024, , ,14/11/2024, , ,INTEREST PAYMENT         
IV,NDRINVIT,NDR INVIT Trust,18/11/2024, , ,18/11/2024, , ,DISTRIBUTION - RS 1.75   
IV,NHIT,National Highw Infra Trus,15/11/2024, , ,14/11/2024, , ,DISTRIBUTION - RS 1.829  
IV,SEITINVIT,Sustainable Energy Infra,14/11/2024, , ,14/11/2024, , ,DISTRIBUTION RS. 2.10184 
IV,OSEINTRUST,Oriental InfraTrust,18/11/2024, , ,18/11/2024, , ,DIV/DIST RS 4.3267 PR UT 
MF,BSLIFQPIDG,BIRLASLAMC - BSLIFQPIDG,22/11/2024, , , , , ,STP                      
MF,BSLIQPIIDP,BSL IIF- QP - SI -IPDP,22/11/2024, , , , , ,STP                      
MF,BSLIQPIRDP,BSL IIF- QP - SI -RPDP,22/11/2024, , , , , ,STP                      
MF,BSLIQPIRG,BSL IIF- QP - SI -RPG,22/11/2024, , , , , ,STP                      
N2,RECLTD,TAXFREE SEC NCD TR1 S2,18/11/2024, , ,18/11/2024, , ,INTEREST PAYMENT         
N4,RECLTD,BOND 7.04% PA Tax Free S2,18/11/2024, , ,18/11/2024, , ,INTEREST PAYMENT         
N4,IIFLSAMFIN,Sec Re NCD 10.03% Sr 5,16/11/2024, , ,14/11/2024, , ,INTEREST PAYMENT         
N5,IIHFL,Unsec Re NCD 9.60% Sr.II,14/11/2024, , ,14/11/2024, , ,INTEREST PAYMENT         
N5,ERFLNCDI,Sec Red NCD 8.88% Sr. V,18/11/2024, , ,18/11/2024, , ,INTEREST PAYMENT         
N6,RECLTD,BOND 8.46% Tax Free S2A,18/11/2024, , ,18/11/2024, , ,INTEREST PAYMENT         
N7,RECLTD,BOND 8.37% Tax Free S3A,18/11/2024, , ,18/11/2024, , ,INTEREST PAYMENT         
N8,SAMMAANCAP,Sec Red NCD 8.65% Sr. V,14/11/2024, , ,14/11/2024, , ,INTEREST PAYMENT         
N8,920IIFLS26,Sec Re NCD 9.20% Sr I,16/11/2024, , ,14/11/2024, , ,INTEREST PAYMENT         
N9,RECLTD,BOND 8.71% Tax Free S2B,18/11/2024, , ,18/11/2024, , ,INTEREST PAYMENT         
N9,IIHFL,Sec Re NCD 8.20% Sr.III,14/11/2024, , ,14/11/2024, , ,INTEREST PAYMENT         
NA,957IIFLS27,Sec Re NCD 9.57% Sr III,16/11/2024, , ,14/11/2024, , ,INTEREST PAYMENT         
NA,RECLTD,BOND 8.62% Tax Free S3B,18/11/2024, , ,18/11/2024, , ,INTEREST PAYMENT         
NC,IIFL,IIFL Finance Limited,18/11/2024, , ,18/11/2024, , ,INTEREST PAYMENT         
NC,SAMMAANCAP,Uns Red NCD 8.79% Sr.VIII,14/11/2024, , ,14/11/2024, , ,INTEREST PAYMENT         
NC,IIHFL,Sec Re NCD 8.43% Sr.VI,14/11/2024, , ,14/11/2024, , ,INTEREST PAYMENT         
NC,RECLTD,BOND 8.63% PA TFTR II S2A,18/11/2024, , ,18/11/2024, , ,INTEREST PAYMENT         
NC,1003IIFL29,Sec Re NCD 10.03% Sr V,16/11/2024, , ,14/11/2024, , ,INTEREST PAYMENT         
ND,RECLTD,BOND 8.61% PA TFTR II S3A,18/11/2024, , ,18/11/2024, , ,INTEREST PAYMENT         
NF,IIFL,IIFL Finance Limited,18/11/2024, , ,18/11/2024, , ,INTEREST PAYMENT         
NF,RECLTD,BOND 8.88% PA TFTR II S2B,18/11/2024, , ,18/11/2024, , ,INTEREST PAYMENT         
NG,RECLTD,BOND 8.86% PA TFTR II S3B,18/11/2024, , ,18/11/2024, , ,INTEREST PAYMENT         
NH,IBUCCREDIT,Sec Re NCD 9.40% Sr.III,18/11/2024, , ,18/11/2024, , ,INTEREST PAYMENT         
NH,IFCI,9.90 % SRNCD Sr VI,14/11/2024, , , , , ,INT PAYMENT/REDEMPTION   
NH,RECLTD,7.43% Tax Free TrI Sr3B,18/11/2024, , ,18/11/2024, , ,INTEREST PAYMENT         
NI,IFCI,SRNCD Sr VII,14/11/2024, , , , , ,INT PAYMENT/REDEMPTION   
NJ,ECLFINANCE,Sec Red NCD 9.43% Sr. VI,18/11/2024, , ,18/11/2024, , ,INTEREST PAYMENT         
NK,IBUCCREDIT,Sec Re NCD 9.61% Sr.VI,18/11/2024, , ,18/11/2024, , ,INTEREST PAYMENT         
NL,IIFL,IIFL Finance Limited,18/11/2024, , ,18/11/2024, , ,INTEREST PAYMENT         
NN,IBUCCREDIT,Sec Re NCD 9.40% Sr.VIII,18/11/2024, , ,18/11/2024, , ,INTEREST PAYMENT         
NO,IBUCCREDIT,Sec Re NCD 9.85% Sr.VIII,18/11/2024, , ,18/11/2024, , ,INTEREST PAYMENT         
NR,ECLFINANCE,ECL Finance Limited,18/11/2024, , ,18/11/2024, , ,INTEREST PAYMENT         
NS,IIFL,IIFL Finance Limited,18/11/2024, , ,18/11/2024, , ,INTEREST PAYMENT         
NZ,IIFL,IIFL Finance Limited,18/11/2024, , ,18/11/2024, , ,INTEREST PAYMENT         
SM,KOTYARK,Kotyark Industries Ltd,15/11/2024, , ,14/11/2024, , ,INTDIV - RS 7.50 PER SH  
SM,IPSL,Integrated Perso Ser Ltd, ,15/11/2024,25/11/2024,14/11/2024, , ,EGM                      
SQ,IPSL,Integrated Perso Ser Ltd, ,15/11/2024,25/11/2024,14/11/2024, , ,EGM                      
SQ,KOTYARK,Kotyark Industries Ltd,15/11/2024, , ,14/11/2024, , ,INTDIV - RS 7.50 PER SH  
ST,KOTYARK,Kotyark Industries Ltd,15/11/2024, , ,14/11/2024, , ,INTDIV - RS 7.50 PER SH  
ST,IPSL,Integrated Perso Ser Ltd, ,15/11/2024,25/11/2024,14/11/2024, , ,EGM                      
U2,RECLTD,TAXFREE SEC NCD TR1 S2,18/11/2024, , ,18/11/2024, , ,INTEREST PAYMENT         
U4,RECLTD,BOND 7.04% PA Tax Free S2,18/11/2024, , ,18/11/2024, , ,INTEREST PAYMENT         
U4,IIFLSAMFIN,Sec Re NCD 10.03% Sr 5,16/11/2024, , ,14/11/2024, , ,INTEREST PAYMENT         
U5,ERFLNCDI,Sec Red NCD 8.88% Sr. V,18/11/2024, , ,18/11/2024, , ,INTEREST PAYMENT         
U5,IIHFL,Unsec Re NCD 9.60% Sr.II,14/11/2024, , ,14/11/2024, , ,INTEREST PAYMENT         
U6,RECLTD,BOND 8.46% Tax Free S2A,18/11/2024, , ,18/11/2024, , ,INTEREST PAYMENT         
U7,RECLTD,BOND 8.37% Tax Free S3A,18/11/2024, , ,18/11/2024, , ,INTEREST PAYMENT         
U8,SAMMAANCAP,Sec Red NCD 8.65% Sr. V,14/11/2024, , ,14/11/2024, , ,INTEREST PAYMENT         
U8,920IIFLS26,Sec Re NCD 9.20% Sr I,16/11/2024, , ,14/11/2024, , ,INTEREST PAYMENT         
U9,RECLTD,BOND 8.71% Tax Free S2B,18/11/2024, , ,18/11/2024, , ,INTEREST PAYMENT         
U9,IIHFL,Sec Re NCD 8.20% Sr.III,14/11/2024, , ,14/11/2024, , ,INTEREST PAYMENT         
UA,RECLTD,BOND 8.62% Tax Free S3B,18/11/2024, , ,18/11/2024, , ,INTEREST PAYMENT         
UA,957IIFLS27,Sec Re NCD 9.57% Sr III,16/11/2024, , ,14/11/2024, , ,INTEREST PAYMENT         
UC,IIFL,IIFL Finance Limited,18/11/2024, , ,18/11/2024, , ,INTEREST PAYMENT         
UC,SAMMAANCAP,Uns Red NCD 8.79% Sr.VIII,14/11/2024, , ,14/11/2024, , ,INTEREST PAYMENT         
UC,IIHFL,Sec Re NCD 8.43% Sr.VI,14/11/2024, , ,14/11/2024, , ,INTEREST PAYMENT         
UC,RECLTD,BOND 8.63% PA TFTR II S2A,18/11/2024, , ,18/11/2024, , ,INTEREST PAYMENT         
UC,1003IIFL29,Sec Re NCD 10.03% Sr V,16/11/2024, , ,14/11/2024, , ,INTEREST PAYMENT         
UD,RECLTD,BOND 8.61% PA TFTR II S3A,18/11/2024, , ,18/11/2024, , ,INTEREST PAYMENT         
UF,RECLTD,BOND 8.88% PA TFTR II S2B,18/11/2024, , ,18/11/2024, , ,INTEREST PAYMENT         
UF,IIFL,IIFL Finance Limited,18/11/2024, , ,18/11/2024, , ,INTEREST PAYMENT         
UG,RECLTD,BOND 8.86% PA TFTR II S3B,18/11/2024, , ,18/11/2024, , ,INTEREST PAYMENT         
UH,RECLTD,7.43% Tax Free TrI Sr3B,18/11/2024, , ,18/11/2024, , ,INTEREST PAYMENT         
UH,IFCI,9.90 % SRNCD Sr VI,14/11/2024, , , , , ,INT PAYMENT/REDEMPTION   
UH,IBUCCREDIT,Sec Re NCD 9.40% Sr.III,18/11/2024, , ,18/11/2024, , ,INTEREST PAYMENT         
UI,IFCI,SRNCD Sr VII,14/11/2024, , , , , ,INT PAYMENT/REDEMPTION   
UJ,ECLFINANCE,Sec Red NCD 9.43% Sr. VI,18/11/2024, , ,18/11/2024, , ,INTEREST PAYMENT         
UK,IBUCCREDIT,Sec Re NCD 9.61% Sr.VI,18/11/2024, , ,18/11/2024, , ,INTEREST PAYMENT         
UL,IIFL,IIFL Finance Limited,18/11/2024, , ,18/11/2024, , ,INTEREST PAYMENT         
UN,IBUCCREDIT,Sec Re NCD 9.40% Sr.VIII,18/11/2024, , ,18/11/2024, , ,INTEREST PAYMENT         
UO,IBUCCREDIT,Sec Re NCD 9.85% Sr.VIII,18/11/2024, , ,18/11/2024, , ,INTEREST PAYMENT         
UR,ECLFINANCE,ECL Finance Limited,18/11/2024, , ,18/11/2024, , ,INTEREST PAYMENT         
US,IIFL,IIFL Finance Limited,18/11/2024, , ,18/11/2024, , ,INTEREST PAYMENT         
UZ,IIFL,IIFL Finance Limited,18/11/2024, , ,18/11/2024, , ,INTEREST PAYMENT         

