SYMBOL,SERIES,SECURITY,HIGH/LOW,INDEX FLAG
772GS2049,GS,GOI LOAN 7.72% 2049,H
772GS2055,GS,GOI LOAN 7.72% 2055,H
ABMINTLLTD,BE,ABM INTERNATIONAL LTD,H
ADROITPP1,X1,ADROITINFO RS. 5 PPD UP,H
AMBICAAGAR,EQ,AMBICA AGAR & AROMAINDLTD,H
AMEYA,ST,AMEYA PRECISION ENG LTD,H
ARCHIDPLY,EQ,ARCHIDPLY IND. LTD,H
ARENTERP,BE,RAJDARSHAN INDUSTRIES LTD,H
ARSHIYA,BE,ARSHIYA LIMITED,H
ARSSINFRA,BE,ARSS INFRA PROJ. LTD,H
ASHIMASYN,BE,ASHIMA LTD,H
ASLIND,SM,ASL INDUSTRIES LIMITED,H
BAHETI,ST,BAHETI RECYCLING IND LTD,H
BALPHARMA,BE,BAL PHARMA LTD.,H
BANCOINDIA,EQ,BANCO PRODUCTS (I) LTD,H
BIL,BE,BHARTIYA INETRNATIONAL LT,H
CCCL,BE,CONS. CONST. CONSORT LTD,H
CINEVISTA,EQ,CINEVISTA LIMITED,H
CMMIPL,SM,CMM INFRAPROJECTS LIMITED,H
CREATIVEYE,BE,CREATIVE EYE LIMITED,H
DCAL,EQ,DISHMAN CARBO AMCIS LTD,H
DENEERS,SM,DE NEERS TOOLS LIMITED,H
DOLPHIN,BE,DOLPHIN OFF ENT (IND) L,H
DUCON,EQ,DUCON INFRATECHNOLOGIES L,H
DYNPRO,BE,DYNEMIC PRODUCTS LIMITED,H
EFFWA,ST,EFFWA INFRA & RESEARCH L,H
EMAMIREAL,EQ,EMAMI REALTY LIMITED,H
ENERGYDEV,EQ,ENERGY DEVE. CO.LTD,H
ESSARSHPNG,BE,ESSAR SHIPPING LTD,H
EXCEL,BE,EXCEL REALTY N INFRA LTD,H
FEL,BZ,FUTURE ENTERPRISES LTD,H
FLFL,BZ,FUT LIFESTYLE FASH LTD,H
GAYAHWS,BE,GAYATRI HIGHWAYS LIMITED,H
GODHA,BE,GODHA CABCON INSULAT LTD,H
GOENKA,BZ,GOENKA DIAMOND&JEWELS LTD,H
GROBTEA,BE,THE GROB TEA COMPANY LTD,H
GVKPIL,BE,GVK POW. & INFRA LTD.,H
HEXATRADEX,EQ,HEXA TRADEX LIMITED,H
HOLMARC,ST,HOLMARC OPTO MECHATRO L,H
IEL,EQ,INDIABULLS ENT LTD,H
IITL,BE,INDUSTRIAL INV TRUST LTD,H
INCREDIBLE,BE,INCREDIBLE INDUSTRIES LTD,H
INDOTECH,BE,INDO TECH TRANSFORM LTD.,H
INDOWIND,EQ,INDOWIND ENERGY LTD,H
IPSL,ST,INTEGRATED PERSO SER LTD,H
ISFT,BE,INTRASOFT TECH. LTD,H
IZMO,BE,IZMO LIMITED,H
JALAN,SM,JALAN TRANSOLU. INDIA LTD,H
JFLLIFE,ST,JFL LIFE SCIENCES LIMITED,H
JGCHEM,EQ,J.G.CHEMICALS LIMITED,H
JSWHL,EQ,JSW HOLDINGS LIMITED,H
JYOTISTRUC,EQ,JYOTI STRUCTURES LTD,H
KALYANIFRG,EQ,KALYANI FORGE LIMITED,H
KAPSTON,EQ,KAPSTON SERVICES LIMITED,H
KAVVERITEL,BE,KAVVERI TEL. LTD.,H
KITEX,EQ,KITEX GARMENTS LTD,H
LAL,BE,LORENZINI APPARELS LTD,H
MAANALU,BE,MAAN ALUMINIUM LIMITED,H
MARINE,EQ,MARINE ELECTRICAL (I) LTD,H
MBECL,BZ,MCNALLY BH. ENG. CO.LTD,H
MCLEODRUSS,EQ,MCLEOD RUSSEL INDIA LTD.,H
MODISONLTD,BE,MODISON LIMITED,H
MOKSH,BE,MOKSH ORNAMENTS LIMITED,H
MORARJEE,BZ,MORARJEE TEXTILES LIMITED,H
MSPL,BE,MSP STEEL & POWER LTD.,H
MTEDUCARE,BE,MT EDUCARE LTD,H
NAGREEKCAP,EQ,NAGREEKA CAP & INFR.LTD,H
NARMADA,EQ,NARMADA AGROBASE LIMITED,H
NBIFIN,EQ,N.B.I. IND. FIN. CO. LTD,H
NIRAJ,BE,NIRAJ CEMENT STRUC LTD,H
NIRMAN,ST,NIRMAN AGRI GENTICS LTD,H
NTL,BZ,NEUEON TOWERS LIMITED,H
OMFURN,SM,OMFURN INDIA LIMITED,H
PANACEABIO,BE,PANACEA BIOTEC LTD.,H
PARAS,EQ,PARAS DEF AND SPCE TECH L,H
PHOGLOBAL,ST,PHOENIX OVERSEAS LIMITED,H
PRATHAM,ST,PRATHAM EPC PROJECTS LTD,H
PRECOT,EQ,PRECOT LIMITED,H
PRIZOR,ST,PRIZOR VIZTECH LIMITED,H
RATNAVEER,BE,RATNAVEER PRECISION ENG L,H
REGENCERAM,BE,REGENCYCERAMICS-LTD,H
RELIABLE,EQ,RELIABLE DATA SERVICE LTD,H
RKEC,EQ,RKEC PROJECTS LIMITED,H
RPPINFRA,BE,R.P.P INFRA PROJECTS LTD.,H
RSSOFTWARE,BE,R. S. SOFTWARE (INDIA) LI,H
S&SPOWER,BE,S&S POWER SWITCHGEARS,H
SADBHIN,EQ,SADBHAV INFRA PROJ LTD.,H
SANWARIA,BZ,SANWARIA CONSUMER LIMITED,H
SITINET,BE,SITI NETWORKS LIMITED,H
SKYGOLD,BE,SKY GOLD LIMITED,H
SLONE,SM,SLONE INFOSYSTEMS LIMITED,H
SONUINFRA,SM,SONU INFRATECH LIMITED,H
SUZLON,EQ,SUZLON ENERGY LIMITED,H
TCLCONS,BE,TANTIA CONSTRUCTIONS LTD,H
TERASOFT,EQ,TERA SOFTWARE LIMITED,H
THEINVEST,EQ,THE INVEST TRUST OF IND L,H
THOMASCOTT,EQ,THOMAS SCOTT (INDIA) LTD,H
UCL-RE,ST,USHANTI COLOUR CHEM LTD,H
UNIVASTU,EQ,UNIVASTU INDIA LIMITED,H
V2RETAIL,BE,V2 RETAIL LIMITED,H
VHLTD,BE,VICEROY HOTELS LIMITED,H
VIJIFIN,BE,VIJI FINANCE LIMITED,H
VIPCLOTHNG,BE,VIP CLOTHING LIMITED,H
VISASTEEL,BE,VISA STEEL LIMITED,H
WINDMACHIN,EQ,WINDSOR MACHINES LIMITED,H
WOMANCART,ST,WOMANCART LIMITED,H
YAARI,EQ,YAARI DIGI INT SER LTD,H
ZEELEARN,EQ,ZEE LEARN LIMITED,H
ZTECH,ST,Z-TECH (INDIA) LIMITED,H
21STCENMGM,BE,21ST CENTURY MGMT SERVICE,L
3RDROCK,IT,3RD ROCK MULTIMEDIA LTD,L
832GS2032,GS,GOI LOAN 8.32% 2032,L
AAREYDRUGS,BE,AAREY DRUGS & PHARM LTD,L
ACMESOLAR,EQ,ACME SOLAR HOLDINGS LTD,L
ADROITINFO,BE,ADROIT INFOTECH LIMITED,L
AKUMS,EQ,AKUMS DRUGS AND PHARMA L,L
ALPEXSOLAR,SM,ALPEX SOLAR LIMITED,L
ALUWIND,ST,ALUWIND ARCHITECTURAL LTD,L
AMBANIORGO,SM,AMBANI ORGOCHEM LIMITED,L
AMJUMBO,ST,A AND M JUMBO BAGS LTD,L
ANLON,SM,ANLON TECHNOLOGY SOL LTD,L
ANSALAPI,BZ,ANSAL PROP & INFRA LTD,L
ARISTO,ST,ARISTO BIO T AND LIFESC L,L
ARSHIYA,BE,ARSHIYA LIMITED,L
ARTNIRMAN,BE,ART NIRMAN LIMITED,L
ASAHISONG,BE,ASAHI SONGWON COLOR LTD,L
ASHIMASYN,BE,ASHIMA LTD,L
ATALREAL,BE,ATAL REALTECH LIMITED,L
AURUMPP1,X1,AURUM RS. 3.12 PPD UP,L
AUSOMENT,BE,AUSOM ENTERPRISE LIMITED,L
AVROIND,BE,AVRO INDIA LIMITED,L
AYMSYNTEX,BE,AYM SYNTEX LIMITED,L
BANKA,EQ,BANKA BIOLOO LIMITED,L
BGRENERGY,EQ,BGR ENERGY SYSTEMS LTD,L
BMETRICS,SM,BOMBAY METRICS S C LTD,L
BPL,EQ,BPL LTD,L
BYKE,BE,THE BYKE HOSPITALITY LTD,L
CALSOFT,BE,CALIFORNIA SOFTWARE CO LT,L
CENTEXT,BE,CENTURY EXTRUSIONS LTD,L
CMMIPL,SM,CMM INFRAPROJECTS LIMITED,L
CMRSL,SM,CYBER MEDIA RES & SER LTD,L
CPS,ST,C P S SHAPERS LIMITED,L
DCG,SM,DCG CABLES & WIRES LTD,L
DCXINDIA,EQ,DCX SYSTEMS LIMITED,L
DESTINY,ST,DESTINY LOGISTICS & I LTD,L
DIACABS,BE,DIAMOND POWER INFRA LTD,L
DIFFNKG,EQ,DIFFUSION ENGINEERS LTD,L
DIGIKORE,SM,DIGIKORE STUDIOS LIMITED,L
DNAMEDIA,BE,DILIGENT MEDIA CORP LTD.,L
DRCSYSTEMS,EQ,DRC SYSTEMS INDIA LIMITED,L
DREDGECORP,EQ,DREDGING CORP OF INDIA,L
E2E,BE,E2E NETWORKS LIMITED,L
ELECTHERM,BE,ELECTROTHERM (I) LTD.,L
EPACK,BE,EPACK DURABLE LIMITED,L
EROSMEDIA,BZ,EROS INTL MEDIA LTD,L
EXICOM,EQ,EXICOM TELE SYSTEMS LTD,L
FEL,BZ,FUTURE ENTERPRISES LTD,L
FOCE,ST,FOCE INDIA LIMITED,L
FUSION,EQ,FUSION FINANCE LIMITED,L
GAYAHWS,BE,GAYATRI HIGHWAYS LIMITED,L
GAYAPROJ,BZ,GAYATRI PROJECTS LTD,L
GLOBALE,BE,GLOBALE TESSILE LIMITED,L
GLOBE,EQ,GLOBE TEXTILES (I) LTD.,L
GOENKA,BZ,GOENKA DIAMOND&JEWELS LTD,L
GRAPHISAD,ST,GRAPHISADS LIMITED,L
GSTL,SM,GLOBESECURE TECHNO LTD,L
GTECJAINX,BE,G-TEC JAINX EDUCATION LTD,L
GVKPIL,BE,GVK POW. & INFRA LTD.,L
HECPROJECT,BE,HEC INFRA PROJECTS LTD,L
HIGREEN,ST,HI GREEN CARBON LIMITED,L
HINDNATGLS,BE,HIND NATL GLASS & IND LTD,L
HOLMARC,ST,HOLMARC OPTO MECHATRO L,L
HOMESFY,SM,HOMESFY REALTY LIMITED,L
HOVS,BE,HOV SERVICES LTD,L
HRHNEXT,ST,HRH NEXT SERVICES LIMITED,L
IMPEXFERRO,BZ,IMPEX FERRO TECH LIMITED,L
INFOLLION,ST,INFOLLION RESEARCH SER L,L
INFOMEDIA,BE,INFOMEDIA PRESS LIMITED,L
ITALIANE,ST,ITALIAN EDIBLES LIMITED,L
JFLLIFE,ST,JFL LIFE SCIENCES LIMITED,L
K2INFRA,SM,K2 INFRAGEN LIMITED,L
KANDARP,ST,KANDARP DG SMART BPO LTD,L
KAVVERITEL,BE,KAVVERI TEL. LTD.,L
KERNEX,EQ,KERNEX MICROSYS(I) LTD,L
KEYFINSERV,BE,KEYNOTE FIN SERV LTD.,L
KORE,SM,JAY JALARAM TECHNO LTD,L
KRISHCA,SM,KRISHCA STRAPPING SLTN L,L
KRITINUT,BE,KRITI NUTRIENTS LIMITED,L
KSHITIJPOL,EQ,KSHITIJ POLYLINE LIMITED,L
LAKPRE,BZ,LAKSHMI PRE SCRE LTD,L
LIBERTSHOE,BE,LIBERTYSHOESLTD,L
MAHAPEXLTD,BE,MAHA RASHTRA APEX COPR. L,L
MAHASTEEL,BE,MAHAMAYA STEEL INDS LTD,L
MCON,SM,MCON RASAYAN INDIA LTD,L
MEDIORG,ST,MEDICAMEN ORGANICS LTD,L
MEGATHERM,SM,MEGATHERM INDUCTION LTD,L
MFML,BE,MAHALAXMI FABRIC MILLS LT,L
MIEL,ST,MANGLAM INFRA & ENG LTD,L
MINDTECK,BE,MINDTECK (INDIA) LIMITED,L
MKPL,BE,M K PROTEINS LIMITED,L
MOHITIND,EQ,MOHIT INDUSTRIES LTD,L
MORARJEE,BZ,MORARJEE TEXTILES LIMITED,L
MOTISONS,BE,MOTISONS JEWELLERS LTD,L
MTEDUCARE,BE,MT EDUCARE LTD,L
NAMAN,ST,NAMAN IN-STORE (INDIA) L,L
NAMOEWASTE,ST,NAMO EWASTE MANAGEMENT L,L
NEXTMEDIA,BE,NEXT MEDIAWORKS LIMITED,L
NPST,SM,NETWORK PEOPLE SRV TECH L,L
OILCOUNTUB,BE,OIL COUNTRY TUBULAR LTD.,L
OPTIEMUS,BE,OPTIEMUS INFRACOM LTD,L
PANSARI,BE,PANSARI DEVELOPERS LTD,L
PAVNAIND,BE,PAVNA INDUSTRIES LIMITED,L
PRATHAM,ST,PRATHAM EPC PROJECTS LTD,L
PRAXIS,BE,PRAXIS HOME RETAIL LTD,L
PREMIERPOL,BE,PREMIER POLYFILMS LTD,L
PROLIFE,SM,PROLIFE INDUSTRIES LTD,L
PURVA,EQ,PURAVANKARA LIMITED,L
RADHIKAJWE,BE,RADHIKA JEWELTECH LIMITED,L
RAJRILTD,BE,RAJ RAYON INDUSTRIES LTD,L
RBMINFRA,ST,RBM INFRACON LIMITED,L
RELIABLE,EQ,RELIABLE DATA SERVICE LTD,L
RELTD,BE,RAVINDRA ENERGY LIMITED,L
REVATHIEQU,BE,REVATHI EQUIPMENT INDIA L,L
RHFL,BE,RELIANCE HOME FINANCE LTD,L
RICHA,SM,RICHA INFO SYSTEMS LTD,L
RULKA,SM,RULKA ELECTRICALS LIMITED,L
SAAKSHI,SM,SAAKSHI MEDTEC N PANELS L,L
SANCO,BZ,SANCO INDUSTRIES LIMITED,L
SANWARIA,BZ,SANWARIA CONSUMER LIMITED,L
SCPL,BE,SHEETAL COOL PRODUCTS LTD,L
SECL,SM,SALASAR EXTERIOR CONT LTD,L
SEQUENT,BE,SEQUENT SCIENTIFIC LTD.,L
SETUINFRA,BZ,SETUBANDHAN INFRA LTD,L
SHREEKARNI,SM,SHREE KARNI FABCOM LTD,L
SHREEPUSHK,BE,SHRE PUSH CHEM & FERT LTD,L
SHUBHLAXMI,ST,SHUBHLAXMI JEWEL ART LTD,L
SITINET,BE,SITI NETWORKS LIMITED,L
SMSLIFE,BE,SMS LIFESCIENCES (I) LTD,L
SUPREMEPWR,ST,SUPREME POWER EQUIPMENT L,L
SUULD,BE,SUUMAYA INDUSTRIES LTD,L
TAPIFRUIT,SM,TAPI FRUIT PROCESSING LTD,L
TARIL,BE,TRANS & RECTI. LTD,L
TECHERA,ST,TECHERA ENGINEER (IND) L,L
TECHLABS,SM,TRIDENT TECHLABS LIMITED,L
TIMESCAN,SM,TIMESCAN LOGISTICS IND L,L
VARDMNPOLY,BE,VARDHMAN POLYTEX LTD.,L
VEEKAYEM,ST,VEEKAYEM FASH & APP LTD,L
VERTEXPLUS,SM,VERTEXPLUS TECHNOLOGIES L,L
VIJIFIN,BE,VIJI FINANCE LIMITED,L
VIPULLTD,BE,VIPUL LIMITED,L
VLINFRA,ST,V.L.INFRAPROJECTS LIMITED,L
WANBURY,BE,WANBURY LIMITED,L
WEALTH,EQ,WEALTH FRST PORT. MG. LTD,L
WEBELSOLAR,EQ,WEBSOL ENERGY SYSTEM LTD,L
WINSOME,BZ,WINSOME YARNS LIMITED,L
WOMANCART,ST,WOMANCART LIMITED,L
XELPMOC,BE,XELPMOC DESIGN & TECH LTD,L
YUDIZ,ST,YUDIZ SOLUTIONS LIMITED,L
ZENITHDRUG,ST,ZENITH DRUGS LIMITED,L
ZODIAC,BE,ZODIAC ENERGY LIMITED,L
ZODIACLOTH,EQ,ZODIAC CLOTHING CO. LTD.,L
ZTECH,ST,Z-TECH (INDIA) LIMITED,L
