Sr. No,Symbol,Series,Security Name,From,To
1,ADROITINFO,BE,ADROIT INFOTECH LIMITED,10,5
2,CCHHL,BE,COUNTRY CLUB HOSPITALITY & HOLIDAYS LIMITED,10,5
3,ELECTHERM,BE,ELECTROTHERM (INDIA) LIMITED,10,5
4,HBSL,EQ,HB STOCKHOLDINGS LIMITED,10,5
5,SUZLON,EQ,SUZLON ENERGY LIMITED,10,5
6,TERASOFT,EQ,TERA SOFTWARE LIMITED,10,5
7,UCL-RE,ST,USHANTI COLOUR CHEM LIMITED-RE,10,5
8,WINDMACHIN,EQ,WINDSOR MACHINES LIMITED,10,5
9,CMMIPL,SM,CMM INFRAPROJECTS LIMITED,2,5
10,ADROITPP1,X1,ADROIT INFOTECH LIMITED,20,5
11,DECCANTRAN,ST,DECCAN TRANSCON LEASING LIMITED,20,5
12,SIGNORIA,ST,SIGNORIA CREATION LIMITED,20,5
13,SUMMITSEC,EQ,SUMMIT SECURITIES LIMITED,20,10
14,HINDWAR-RE,BE,HINDWARE HOME INNOVATION LIMITED-RE,40,20
15,DHTL,ST,DOCMODE HEALTH TECHNOLOGIES LIMITED,5,2
16,SHYAMTEL,BE,SHYAM TELECOM LIMITED,5,2
17,TVSHLTD,EQ,TVS HOLDINGS LIMITED,5,20
