GAIN_LOSS,SECURITY,CLOSE_PRIC,PREV_CL_PR,PERCENT_CG
 ,Nifty 50 Sec., , , 
 , , , , 
G,EICHER MOTORS LTD,      4883.70,      4588.70,6.43
G,HERO MOTOCORP LIMITED,      4604.00,      4519.60,1.87
G,HDFC LIFE INS CO LTD,       694.00,       685.05,1.31
G,RELIANCE INDUSTRIES LTD,      1267.60,      1252.05,1.24
G,KOTAK MAHINDRA BANK LTD,      1707.90,      1687.85,1.19
G,SBI LIFE INSURANCE CO LTD,      1562.30,      1546.70,1.01
G,GRASIM INDUSTRIES LTD,      2523.95,      2502.90,.84
G,LTIMINDTREE LIMITED,      5994.65,      5947.55,.79
G,TECH MAHINDRA LIMITED,      1687.50,      1675.60,.71
G,COAL INDIA LTD,       409.75,       406.90,.7
G,HDFC BANK LTD,      1692.75,      1681.35,.68
G,ASIAN PAINTS LIMITED,      2483.15,      2470.50,.51
G,ADANI ENTERPRISES LIMITED,      2826.80,      2816.70,.36
G,JSW STEEL LIMITED,       939.05,       935.95,.33
G,BAJAJ AUTO LIMITED,      9482.95,      9452.15,.33
G,MAHINDRA & MAHINDRA LTD,      2807.20,      2798.95,.29
G,ICICI BANK LTD.,      1256.95,      1253.70,.26
G,AXIS BANK LIMITED,      1140.70,      1139.15,.14
G,HINDALCO  INDUSTRIES  LTD,       627.35,       626.60,.12
G,APOLLO HOSPITALS ENTER. L,      6860.65,      6858.85,.03
G,BHARTI AIRTEL LIMITED,      1550.50,      1550.45,0
 , , , , 
L,HINDUSTAN UNILEVER LTD.,      2389.20,      2464.95,-3.07
L,TATA CONSUMER PRODUCT LTD,       925.00,       952.75,-2.91
L,BRITANNIA INDUSTRIES LTD,      4915.60,      5046.50,-2.59
L,BHARAT PETROLEUM CORP  LT,       298.20,       305.85,-2.5
L,NESTLE INDIA LIMITED,      2182.80,      2235.25,-2.35
L,NTPC LTD,       372.50,       381.35,-2.32
L,INDUSIND BANK LIMITED,      1017.15,      1036.70,-1.89
L,POWER GRID CORP. LTD.,       312.10,       318.00,-1.86
L,ADANI PORT & SEZ LTD,      1264.55,      1287.90,-1.81
L,TATA MOTORS LIMITED,       774.30,       786.25,-1.52
L,BAJAJ FINSERV LTD.,      1639.80,      1664.45,-1.48
L,DR. REDDY S LABORATORIES,      1226.70,      1245.00,-1.47
L,ITC LTD,       465.95,       472.20,-1.32
L,SHRIRAM FINANCE LIMITED,      2822.60,      2853.85,-1.1
L,TATA STEEL LIMITED,       137.98,       139.17,-0.86
L,OIL AND NATURAL GAS CORP.,       250.80,       252.55,-0.69
L,LARSEN & TOUBRO LTD.,      3526.25,      3547.95,-0.61
L,SUN PHARMACEUTICAL IND L,      1768.20,      1779.00,-0.61
L,STATE BANK OF INDIA,       804.25,       808.65,-0.54
L,ULTRATECH CEMENT LIMITED,     10728.50,     10782.20,-0.5
L,WIPRO LTD,       566.70,       569.00,-0.4
L,MARUTI SUZUKI INDIA LTD.,     11006.05,     11049.60,-0.39
L,CIPLA LTD,      1499.75,      1505.60,-0.39
L,DIVI S LABORATORIES LTD,      5750.10,      5770.10,-0.35
L,HCL TECHNOLOGIES LTD,      1858.95,      1864.75,-0.31
L,BAJAJ FINANCE LIMITED,      6549.15,      6566.00,-0.26
L,INFOSYS LIMITED,      1864.55,      1868.40,-0.21
L,TITAN COMPANY LIMITED,      3183.70,      3187.85,-0.13
L,TATA CONSULTANCY SERV LT,      4145.90,      4150.35,-0.11
 , , , , 
 ,Nifty Next 50 Sec., , , 
 , , , , 
G,JIO FIN SERVICES LTD,       318.35,       299.40,6.33
G,ZOMATO LIMITED,       269.66,       258.40,4.36
G,SAMVRDHNA MTHRSN INTL LTD,       165.36,       159.89,3.42
G,BAJAJ HOLDINGS & INVS LTD,     10850.10,     10528.65,3.05
G,JINDAL STEEL & POWER LTD,       877.40,       858.65,2.18
G,INFO EDGE (I) LTD,      7768.20,      7614.95,2.01
G,BOSCH LIMITED,     33862.10,     33212.00,1.96
G,DLF LIMITED,       762.70,       748.55,1.89
G,AVENUE SUPERMARTS LIMITED,      3823.85,      3759.55,1.71
G,SRF LTD,      2235.20,      2197.90,1.7
G,ADANI GREEN ENERGY LTD,      1490.30,      1468.45,1.49
G,VARUN BEVERAGES LIMITED,       575.65,       568.10,1.33
G,TATA POWER CO LTD,       404.65,       399.35,1.33
G,LIFE INSURA CORP OF INDIA,       908.65,       897.90,1.2
G,PIDILITE INDUSTRIES LTD,      3021.70,      2988.55,1.11
G,INTERGLOBE AVIATION LTD,      3891.20,      3848.80,1.1
G,ICICI PRU LIFE INS CO LTD,       693.90,       688.00,0.86
G,ADANI TOTAL GAS LIMITED,       683.90,       678.90,0.74
G,HINDUSTAN AERONAUTICS LTD,      4087.05,      4066.90,0.5
G,SIEMENS LTD,      6736.85,      6704.55,0.48
G,SBI CARDS & PAY SER LTD,       683.35,       680.30,0.45
G,BERGER PAINTS (I) LTD,       491.90,       489.75,0.44
G,TVS MOTOR COMPANY  LTD,      2396.15,      2385.75,0.44
G,ADANI POWER LTD,       549.10,       547.00,0.38
G,HAVELLS INDIA LIMITED,      1618.85,      1614.10,0.29
G,SHREE CEMENT LIMITED,     24091.70,     24049.20,0.18
G,CHOLAMANDALAM IN & FIN CO,      1205.70,      1205.05,0.05
G,INDIAN RAILWAY FIN CORP L,       139.66,       139.62,0.03
 , , , , 
L,COLGATE PALMOLIVE LTD.,      2708.95,      2762.90,-1.95
L,ABB INDIA LIMITED,      6680.15,      6802.00,-1.79
L,POWER FIN CORP LTD.,       454.70,       461.45,-1.46
L,REC LIMITED,       502.35,       508.45,-1.2
L,ADANI ENERGY SOLUTION LTD,       879.70,       889.85,-1.14
L,PUNJAB NATIONAL BANK,        99.49,       100.56,-1.06
L,INDIAN OIL CORP LTD,       134.76,       135.99,-0.9
L,CANARA BANK,        97.49,        98.33,-0.85
L,MARICO LIMITED,       592.25,       597.20,-0.83
L,GODREJ CONSUMER PRODUCTS,      1175.10,      1183.90,-0.74
L,BANK OF BARODA,       241.50,       243.30,-0.74
L,ZYDUS LIFESCIENCES LTD,       957.40,       963.75,-0.66
L,TRENT LTD,      6463.00,      6498.25,-0.54
L,DABUR INDIA LTD,       508.10,       510.85,-0.54
L,TORRENT PHARMACEUTICALS L,      3102.40,      3116.60,-0.46
L,VEDANTA LIMITED,       433.40,       434.75,-0.31
L,GAIL (INDIA) LTD,       188.89,       189.47,-0.31
L,ICICI LOMBARD GIC LIMITED,      1863.40,      1868.20,-0.26
L,INDIAN RAIL TOUR CORP LTD,       799.60,       801.40,-0.22
L,BHARAT ELECTRONICS LTD,       280.95,       281.55,-0.21
L,AMBUJA CEMENTS LTD,       544.50,       545.35,-0.16
 , , , , 
 ,OTHER SECURITIES, , , 
 , , , , 
G,BANCO PRODUCTS (I) LTD,       839.00,       699.20,19.99
G,J.G.CHEMICALS LIMITED,       397.00,       330.85,19.99
G,DISHMAN CARBO AMCIS LTD,       212.53,       178.89,18.8
G,SIGNPOST INDIA LIMITED,       260.83,       224.27,16.3
G,KIRI INDUSTRIES LIMITED,       451.95,       392.20,15.23
G,GARWARE HI-TECH FILMS LTD,      4275.80,      3734.40,14.5
G,AXISCADES TECH LTD,       509.10,       452.35,12.55
G,MAHALAXMI RUBTECH LIMITED,       157.97,       141.75,11.44
G,TALBROS AUTO. COMP. LTD,       312.95,       281.30,11.25
G,SEC RE NCD 9.80% SR.VII,       945.00,       850.00,11.18
G,TROM INDUSTRIES LIMITED,       250.80,       225.80,11.07
G,JSW HOLDINGS LIMITED,     19420.20,     17654.75,10
G,DE NEERS TOOLS LIMITED,       326.55,       296.90,9.99
G,INDO US BIOTECH LTD,       253.35,       230.75,9.79
G,DCM SHRIRAM LIMITED,      1302.25,      1187.15,9.7
G,BANG OVERSEAS LTD.,        54.19,        49.49,9.5
G,TRANSWORLD SHIP LINES LTD,       379.00,       347.40,9.1
G,STERLING TOOLS LIMITED,       547.80,       502.20,9.08
G,THE ANUP ENGINEERING LTD,      3534.35,      3243.85,8.96
G,NETWORK18 MEDIA & INV LTD,        84.82,        77.97,8.79
G,QUEST LABORATORIES LTD,       115.60,       106.50,8.54
G,NALWA SONS INVESTMENT LTD,      8237.55,      7609.40,8.25
G,COMMERCIAL SYN BAGS LTD,        73.06,        67.62,8.04
G,INNOVANA THINKLABS LTD.,       469.90,       435.00,8.02
G,DANISH POWER LIMITED,       789.60,       731.65,7.92
G,BAJAJ HEALTHCARE LIMITED,       391.10,       362.40,7.92
G,KDDL LIMITED,      2734.65,      2539.00,7.71
G,EPIGRAL LIMITED,      2057.45,      1911.10,7.66
G,SASKEN TECHNOLOGIES LTD,      2048.05,      1905.25,7.5
G,MACOBS TECHNOLOGIES LTD,       175.20,       163.35,7.25
 , , , , 
L,VILIN BIO MED LIMITED,        19.60,        23.65,-17.12
L,PHANTOM DIGITAL EFF LTD,       260.00,       309.90,-16.1
L,LOYAL TEXTILE MILLS LTD,       357.25,       425.40,-16.02
L,MAGNUM VENTURES LTD.,        44.04,        52.12,-15.5
L,ASPIRE & INNOVATIVE ADV L,        50.00,        59.00,-15.25
L,SEC RE NCD 10.75% SR XI,       820.60,       950.00,-13.62
L,PETRO CARBON AND CHEMI L,       206.40,       237.00,-12.91
L,PRESSTONIC ENGINEERING L,        84.25,        96.40,-12.6
L,AURANGABAD DISTILLERY LTD,       228.50,       258.50,-11.61
L,VENUS PIPES & TUBES LTD,      1674.55,      1861.95,-10.06
L,SEC RE NCD 10.25% SR XII,       900.30,      1000.00,-9.97
L,NGIL RS. 6 PPD UP,        23.70,        26.32,-9.95
L,ACME SOLAR HOLDINGS LTD,       228.85,       253.15,-9.6
L,INSPIRE FILMS LIMITED,        26.45,        29.25,-9.57
L,AMIABLE LOGISTICS (I) LTD,        74.60,        82.00,-9.02
L,MARINETRANS INDIA LIMITED,        21.00,        22.75,-7.69
L,VIBHOR STEEL TUBES LTD,       213.10,       230.50,-7.55
L,SRIVASAVI ADHESIVE TAPE L,       114.00,       123.20,-7.47
L,SKF INDIA LTD,      4518.55,      4880.30,-7.41
L,SAJ HOTELS LIMITED,        41.65,        44.90,-7.24
L,P. E. ANALYTICS LIMITED,       256.95,       277.00,-7.24
L,INDIAN EMULSIFIERS LTD,       278.10,       299.70,-7.21
L,ESAF SMALL FINANCE BANK L,        39.04,        42.05,-7.16
L,VLS FINANCE LTD,       372.50,       400.85,-7.07
L,SPECTRUM ELECTRIC IND LTD,      1521.85,      1637.60,-7.07
L,WINSOL ENGINEERS LIMITED,       271.60,       291.45,-6.81
L,INDIAN HUME PIPE CO. LTD.,       387.25,       415.55,-6.81
L,ROX HI TECH LIMITED,       103.25,       110.65,-6.69
L,AVONMORE CAP&MGT SERV LTD,        13.81,        14.79,-6.63
L,KANORIA CHEMICALS & INDUS,       112.03,       119.94,-6.59
