SECURITY,NEW,PREVIOUS,NEW_STATUS
ELECTROTHERM (I) LTD.,1110,1087.7,H
RADAAN MEDIAWORKS (I) LTD,4.3,4.22,H
IREDA 8.80NCDTR I SR IIIB,1485,1334.9,H
SEC RE NCD SR II,1089.84,1065.52,H
DANISH POWER LIMITED,818.35,770,H
SLONE INFOSYSTEMS LIMITED,241.55,230.05,H
SEC RE NCD 8.20% SR.V,1043.8,1040.9,H
TIRUPATI FORGE LIMITED,55.45,55.29,H
GOI TBILL 364D-21/11/24,99.75,99.5,H
INDUSTRIAL INV TRUST LTD,406.2,405,H
LE MERITE EXPORTS LIMITED,234,231,H
SEC RE NCD 9.90% SR VII,1022,1021.98,H
TECHERA ENGINEER (IND) L,213.1,203.3,H
TARAPUR TRANSFORMERS LTD,33.21,32.56,H
TERA SOFTWARE LIMITED,162.9,155.15,H
USHANTI COLOUR CHEM LTD,10.8,10.3,H
SEC RE NCD 9% SR.IV,1055.35,1052.2,H
SUPER SPINNING MILLS LTD,12.78,12.53,H
DE NEERS TOOLS LIMITED,326.55,322,H
DYNEMIC PRODUCTS LIMITED,460.95,451,H
SEC RE NCD SR.III,1175,1169,H
GOI TBILL 91D-09/01/25,99.45,99,H
AMI ORGANICS LIMITED,2149.95,2130,H
JEENA SIKHO LIFECARE LTD,1879.9,1879.3,H
SEC RE NCD 9.35% SR VI,1042,1040,H
SEC RE NCD 9.80% SR.VII,945,930,H
SEC RE NCD SR 4,1065,1044,H
BANCO PRODUCTS (I) LTD,839,799.15,H
SASKEN TECHNOLOGIES LTD,2065,2055.25,H
ZERODHAAMC - LIQUIDCASE,108.5,108.45,H
LCC INFOTECH LTD,11.49,11.4,H
AARVEE DEN. & EXP. LTD,64.44,63.18,H
PRITIKA ENG COMPO LTD,180,178.2,H
UTSSAV CZ GOLD JEWELS LTD,242.5,241.85,H
KRN HEAT EXCHANGE N REF L,673,657.3,H
AVP INFRACON LIMITED,184.75,181.15,H
SEC RE NCD SR 2,1025,1018.3,H
SWIGGY LIMITED,489.4,465.8,H
PRECOT LIMITED,561.65,558.5,H
JSW HOLDINGS LIMITED,19420.2,18450,H
WINDSOR MACHINES LIMITED,286.84,277.38,H
PANACHE DIGILIFE LIMITED,220.14,215.83,H
PIX TRANSMISSIONS LIMITED,2275,2219.95,H
GARWARE HI-TECH FILMS LTD,4418,4314.75,H
GOI TBILL 364D-24/07/25,95.3,95.08,H
DIGICONTENT LIMITED,49.26,48.3,H
NEUEON TOWERS LIMITED,3.93,3.75,H
AMEYA PRECISION ENG LTD,118.15,115.5,H
SRI ADHIKARI BRO TELE N L,1617.45,1585.75,H
TV VISION LIMITED,22.13,21.7,H
SEC RE NCD 11% SR.V,1082.35,1070.1,H
SHYAM TELECOM LIMITED,35,19.85,H
PRATHAM EPC PROJECTS LTD,262.35,252,H
BOMBAY METRICS S C LTD,54.85,58.5,L
RESTAURANT BRAND ASIA LTD,84.36,84.5,L
HP ADHESIVES LIMITED,77,79.6,L
JTL INDUSTRIES LIMITED,92.5,166.9,L
UNICOMMERCE ESOLUTIONS L,182.5,183,L
ICICIPRAMC - OILIETF,10.81,10.89,L
IND SWIFT LABORATORIES LT,105.9,107.8,L
SANCO INDUSTRIES LIMITED,3.7,3.79,L
AKUMS DRUGS AND PHARMA L,582.1,612.7,L
SATHLOKHAR SYN E&C GLOB L,365.8,365.95,L
VILAS TRANSCORE LIMITED,501.6,511.8,L
DIGIDRIVE DISTRIBUTORS L,37.37,38.94,L
ABHISHEK INTEGRATIONS LTD,66.5,66.8,L
DECCAN TRANSCON LEASING L,59.6,74.15,L
AURUM PROPTECH LIMITED,220.23,224.73,L
UNS RED NCD 8.79% SR.VIII,919.43,920,L
SHEELA FOAM LIMITED,792.7,803,L
YASH OPTICS & LENS LTD,81.8,81.95,L
DJ MEDIAPRINT & LOG LTD,109.4,114.98,L
UNIPARTS INDIA LIMITED,411.7,425,L
CEIGALL INDIA LIMITED,293,302,L
HINDUSTAN MOTORS LIMITED,22.69,23.16,L
INDIAN PHOSPHATE LIMITED,90.05,93.8,L
POSITRON ENERGY LIMITED,334.05,340.85,L
ZENITH EXPORTS LTD,269.4,274.9,L
GACM TECHNOLOGIES LIMITED,0.74,0.76,L
GACM TECHNOLOGIES LIMITED,0.81,0.82,L
KALANA ISPAT LIMITED,35.5,35.6,L
REVATHI EQUIPMENT INDIA L,1900,1983.1,L
NECTAR LIFESCIENCES LTD.,33.87,34.57,L
SEJAL GLASS LIMITED,577.35,589.1,L
SHANKAR LAL RAMPAL LTD,58.5,60,L
LASA SUPERGENERICS LTD,25.75,26.28,L
PULZ ELECTRONICS LIMITED,81.7,83.35,L
GSM FOILS LIMITED,88.6,88.8,L
PODDAR HOUSE & DVPT LTD,65.21,66.5,L
POPULAR VEHICLES N SER L,152.56,156,L
PRESSTONIC ENGINEERING L,80.35,90.15,L
OLA ELECTRIC MOBILITY LTD,69.54,70.55,L
INSPIRE FILMS LIMITED,23.65,29.05,L
RACHANA INFRA LTD,47.4,48.35,L
TVS ELECTRONICS LTD,353.75,360.95,L
WESTERN CARRIERS (IND) L,118.24,121,L
MOTILALAMC - MOMENTUM50,56.01,56.1,L
SBIAMC - SBINEQWETF,29.6,29.65,L
VIVIANA POWER TECH LTD,895.15,895.9,L
MOTISONS JEWELLERS LTD,26.45,27.85,L
GROWWAMC - GROWWDEFNC,58,59.6,L
GROWWAMC - GROWWGOLD,73.43,74.11,L
FELIX INDUSTRIES LTD.,194.3,198.25,L
LAKSHYA POWERTECH LIMITED,262.1,274.4,L
ARVIND AND COMPANY,95.85,97.8,L
KONTOR SPACE LIMITED,136.25,139,L
ORIENTAL CARBN & CHEM LTD,228.35,234,L
KONSTELEC ENGINEERS LTD,128,139.2,L
FALCON TECHNOPROJ IND LTD,40,40.1,L
RADHIKA JEWELTECH LIMITED,94.68,99.3,L
AION-TECH SOLUTIONS LTD,74.21,75.73,L
ASPIRE & INNOVATIVE ADV L,49,59,L
VELS FILM INTERNATIONAL L,41.2,41.25,L
MEDICAMEN ORGANICS LTD,51.15,51.35,L
VIBHOR STEEL TUBES LTD,206.05,225.15,L
DEEPAK BUILDERS & ENG I L,144.58,144.8,L
NANDAN DENIM LIMITED,5.35,5.46,L
EROS INTL MEDIA LTD,14.72,15.44,L
S A TECH SOFTWARE INDIA L,149.15,152.2,L
MASTER TRUST LIMITED,159.5,161.26,L
GOI TBILL 91D-30/01/25,96,98.4,L
AKG EXIM LIMITED,16.18,17.6,L
WINSOL ENGINEERS LIMITED,251,264.05,L
LE TRAVENUES TECHNOLOGY L,131.6,135,L
SHRENIK LIMITED,0.72,0.74,L
ACE INTEGRATED SOLU. LTD.,28.2,29.6,L
PASUPATI ACRYLON LIMITED,41.05,42.37,L
HINDWARE HME INOVATON LTD,28,31,L
RAVINDRA ENERGY LIMITED,112.45,118.37,L
TREE HOUSE EDU LTD,16.1,16.12,L
USHA FINANCIAL SERVICES L,116.55,120,L
COCHIN SHIPYARD LIMITED,1301,1308,L
G-TEC JAINX EDUCATION LTD,36.09,37.99,L
RUBFILA INTERNATIONAL LTD,72.5,72.8,L
REFRACTORY SHAPES LIMITED,118.15,120.55,L
NEPHRO CARE INDIA LIMITED,230.5,235.2,L
EDELAMC - EBANKNIFTY,50,50.19,L
BAAZAR STYLE RETAIL LTD,312.8,315.9,L
TECHINDIA NIRMAN LIMITED,34.25,34.43,L
MANGLAM INFRA & ENG LTD,44.05,45.65,L
ANKIT MET & POW LTD,3.25,3.35,L
GAYATRI RUBB AND CHEM LTD,461,470.4,L
KRISHNA DEF AND ALD IND L,684.55,686,L
SRIVARI SPICES N FOODS L,236.2,241,L
ACME SOLAR HOLDINGS LTD,227.85,248.5,L
A AND M JUMBO BAGS LTD,12.8,13.2,L
HINDWARE HME INOVATON LTD,252.6,257.2,L
LOYAL TEXTILE MILLS LTD,351,425.4,L
ESAF SMALL FINANCE BANK L,38.15,41.95,L
FUSION FINANCE LIMITED,177.71,185,L
AARTECH SOLONICS LIMITED,58.1,58.81,L
TRANSTEEL SEATING TECH L,49.3,50,L
TRUCAP FINANCE LIMITED,21.1,21.54,L
AVANTEL LIMITED,143,144.45,L
VIRINCHI LIMITED,27.48,27.55,L
RISHABH INSTRUMENTS LTD,318.05,318.15,L
AKME FINTRADE (INDIA) LTD,86.01,88,L
MOTILALAMC - MODEFENCE,65.1,65.25,L
INTENSE TECHNOLOGIES LTD,131.39,134.08,L
DHARIWALCORP LIMITED,126.5,128.1,L
ECOS (INDIA) MOB & HOSP L,348.5,349,L
MORARJEE TEXTILES LIMITED,9.17,9.44,L
SECUR CREDENTIALS LIMITED,3.35,3.42,L
ATMASTCO LIMITED,185.05,188.8,L
KRITI INDUSTRIES IND LTD,162.1,168.19,L
SAPPHIRE FOODS INDIA LTD,302.6,303.4,L
ICICIPRAMC - VAL30IETF,12.46,12.5,L
R K SWAMY LIMITED,195,202.5,L
CRAYONS ADVERTISING LTD,96,98,L
MUTHOOT MICROFIN LIMITED,189,191.1,L
KAMDHENU VENTURES LIMITED,19,19.39,L
SAJ HOTELS LIMITED,40.1,44.5,L
DYNAMIC SRVCS & SEC LTD,332.55,339.3,L
SHEETAL COOL PRODUCTS LTD,314.05,330.55,L
GARUDA CONSTRUCT N ENG L,82.32,83.1,L
TBI CORN LIMITED,192.1,194.85,L
TEERTH GOPICON LIMITED,462.95,472.4,L
EDELAMC - EMULTIMQ,44.02,44.21,L
SWARAJ SUITING LIMITED,251.9,257,L
ESCONET TECHNOLOGIES LTD,454.7,463.95,L
NESTLE INDIA LIMITED,2178.4,2216,L
AXITA COTTON LIMITED,13.8,13.92,L
ZEAL GLOBAL SERVICES LTD,148,148.85,L
PETRO CARBON AND CHEMI L,194.05,205.8,L
POWERGRID INFRA. INVITS,86.52,87.13,L
PHOENIX OVERSEAS LIMITED,27.5,28.35,L
INTEGRA ESSENTIA LIMITED,3.03,3.1,L
BANNARI AM SPIN MILL LTD.,54.08,55.19,L
BIKEWO GREEN TECH LIMITED,29.05,29.5,L
V MARC INDIA LIMITED,460.3,469.7,L
VAISHALI PHARMA LIMITED,16.05,16.24,L
CHAMAN METALLICS LIMITED,116,116.65,L
VARANIUM CLOUD LIMITED,16.5,16.8,L
DIGISPICE TECHNOLOGIES LT,28.12,28.7,L
SEC RE NCD 10.50% SR.IV,897.99,914.85,L
AVONMORE CAP&MGT SERV LTD,13.35,14.5,L
GROWWAMC - GROWWEV,29.75,29.82,L
SEC RE NCD 10.75% SR XI,820.6,950,L
AKSHAR SPINTEX LIMITED,0.7,0.72,L
SEC RE NCD 9.25% SR II,950.63,960,L
FRESHARA AGRO EXPORTS LTD,116,116.05,L
SHUBHLAXMI JEWEL ART LTD,25.45,26,L
S J LOGISTICS (INDIA) LTD,651.05,664.3,L

