SYMBOL,SYMBOL P/E,ADJUSTED P/E
ADROITINFO,13.15,13.15
JAICORPLTD,76.36,76.36
MAHAPEXLTD,27.81,39.47
ASAHIINDIA,52.21,52.21
KOTHARIPRO,31.51,31.51
SOUTHBANK,4.89,4.89
ITDCEM,26.49,26.49
CYIENT,29.11,27.65
CYBERTECH,21.63,21.63
GOACARBON,16.39,16.39
STCINDIA,19.13,12.26
RSSOFTWARE,22.41,22.41
NATIONALUM,12.74,14.17
ALEMBICLTD,25.87,25.87
ICDSLTD,35.79,35.79
BSOFT,24.58,24.58
STAR,42.94,39.93
ZYDUSLIFE,22.56,22.56
RAJESHEXPO,181.75,181.75
SHREERAMA,30.35,30.35
NRBBEARING,10.2,25.74
GEPIL,128.1,128.1
BLBLIMITED,9.78,9.78
BLUESTARCO,68.98,68.98
PNBGILTS,9.23,9.5
REPRO,275.9,275.9
USHAMART,27.19,27.19
TRIDENT,49.66,49.66
UNITDSPR,73.11,72.08
TCI,28.95,28.75
OLECTRA,106.09,114.28
TIMESGTY,70.66,70.66
NUCLEUS,19.02,19.02
GODREJIND,23.12,23.12
UCOBANK,22.8,22.8
NSIL,57.43,57.43
IGL,19.52,19.52
SIL,43.44,43.44
PTC,10.04,9.81
XPROINDIA,51.29,49.38
CENTEXT,21.98,22.31
COFORGE,63.62,64.31
GULFPETRO,13.27,13.27
ASTRAMICRO,57.83,57.83
XCHANGING,40.39,40.39
CONSOFINVT,11.01,11.01
GOKEX,45.66,45.66
ALLDIGI,17.29,21.24
SHOPERSTOP,411.56,337.47
SURYALAXMI,88.43,31.68
63MOONS,46.14,46.14
VHL,,1669.33
YESBANK,33.35,33.35
IMPAL,17.68,17.68
AURIONPRO,50.25,50.25
AIAENG,31.13,31.15
ORIENTCER,35.91,40.69
VIMTALABS,32.6,32.6
NITINSPIN,14.11,14.11
ENIL,36.71,36.71
KEC,60.97,60.97
BLKASHYAP,26.68,28.77
SOLARINDS,90.35,90.35
SUNTV,15.64,15.64
RSYSTEMS,41.07,41.07
BALPHARMA,24.02,24.02
RATNAMANI,41.3,41.3
ALLCARGO,102.92,84.14
EMAMILTD,36.44,36.21
TECHM,49.57,49.7
ANANTRAJ,65.57,65.57
ALICON,27.61,27.61
FIEMIND,20.75,20.75
NAUKRI,143.62,156.68
SOBHA,383.7,383.77
PLASTIBLEN,18.52,18.52
HBLPOWER,47.9,44.98
VEEDOL,23.89,23.89
AUTOIND,20.8,21.31
UNOMINDA,69.5,71.68
TIIL,21.08,20.56
FSL,45.47,45.47
PAGEIND,82.36,82.36
ASTRAL,88.88,88.88
BALAMINES,30.78,30.78
NDLVENTURE,333.18,333.18
BFUTILITIE,20.3,20.3
ALPHAGEO,15.83,11.12
INSECTICID,17.03,17.03
HGS,58.53,58.53
ADSL,29.16,29.16
CIEINDIA,21.9,21.9
INDOWIND,36.21,36.21
KSCL,13.5,13.5
ENERGYDEV,44.63,44.63
ADANIPORTS,27.95,26.63
RGL,22.59,22.59
COLPAL,51.16,51.16
ECLERX,30.42,30.34
TARIL,107.66,107.66
MANAKSIA,7.87,5.97
CORDSCABLE,20.89,20.89
HERCULES,25.36,25.36
SEPC,141.7,141.7
GSS,23.84,23.84
RECLTD,8.99,8.99
NESCO,18.31,18.31
TITAGARH,46.93,46.67
BAJAJFINSV,16.1,16.1
GOKUL,335.87,26.36
LOTUSEYE,95.2,96.4
VINYLINDIA,25.15,25.15
ZFCVINDIA,68.49,68.49
TPHQ,19.16,19.16
HINDNATGLS,2.88,1.18
MHRIL,63.57,63.57
EXCEL,80.62,80.62
NHPC,22.95,22.95
AMRUTANJAN,41.67,41.67
SHILPAMED,156.71,168.68
AHLUCONT,19.3,32.04
GODREJPROP,49.41,49.41
BEARDSELL,19.55,19.55
WHIRLPOOL,73.27,70.13
THANGAMAYL,53.53,53.53
HATHWAY,41.08,40.73
MANINFRA,26.15,26.15
SJVN,41.23,44.05
BLISSGVS,17.01,7.49
IITL,10.73,14.19
PRAKASHSTL,4.01,88.03
SASTASUNDR,8.65,8.72
RAMKY,15.66,15.66
ASHOKA,6.53,7.07
JWL,50.34,50.34
COALINDIA,7.3,7.3
JINDWORLD,68.08,68.08
A2ZINFRA,10.97,
SURANASOL,432.83,432.83
DHUNINV,16.87,16.87
VADILALIND,19.03,19.03
VSTTILLERS,32.43,32.36
MAITHANALL,3.82,3.82
ELGIRUBCO,21.67,134.24
FILATEX,24.37,24.37
THERMAX,79.82,92.18
RIIL,147.36,147.36
RAYMOND,17.7,17.43
SHREDIGCEM,15.42,15.42
SMLISUZU,19.25,19.25
SUNDRMFAST,45.77,45.77
LMW,81.37,81.37
NELCO,99.19,99.19
LUMAXIND,41.68,41.68
KECL,82.87,289.02
KCP,8.74,8.45
INFY,28.76,28.76
IONEXCHANG,42.83,42.83
IFBIND,53.95,53.95
GNFC,15.55,15.55
BHARATFORG,70.92,63.94
FORCEMOT,21.99,21.99
ARVIND,28.86,28.87
TATAMOTORS,8.73,8.7
LINDEINDIA,130.4,130.4
ESCORTS,34.68,34.68
ASHOKLEY,22.52,22.91
ZUARIIND,1.41,
SUNDARMFIN,30.52,29.27
VEDL,10.73,12.1
PFIZER,38.56,38.98
BATAINDIA,48.72,69.82
CARBORUNIV,61.5,61.5
BALMLAWRIE,18.7,18.7
MOTOGENFIN,59.21,59.21
ABREL,95.29,95.29
CENTENKA,18.45,18.45
ATFL,594.04,2231.34
EPL,32.44,31
SUPREMEIND,59.5,59.5
AEGISLOG,38.73,38.73
WEIZMANIND,22.1,22.1
BBOX,52.37,40.62
JTEKTINDIA,40.17,40.17
ARE&M,23.54,23.54
ADANIENT,55.89,54.01
INDBANK,18.01,18.01
GVT&D,115.27,115.27
ONGC,7.76,7.51
TIL,7.33,
KPIL,36.89,36.89
BSL,21.56,21.56
JAYNECOIND,159.38,91.97
RCF,49.33,54.39
TATAPOWER,38.63,37.18
SUNFLAG,24.4,24.4
BHARATRAS,33.52,33.53
JUBLPHARMA,31.87,26.21
SOMANYCERA,30.89,32.18
HLVLTD,45.11,49.71
M&M,30.06,30.06
KAJARIACER,45.94,45.91
3PLAND,38.65,38.65
HONDAPOWER,37.68,39.3
GRAPHITE,20.44,20.44
BBL,33.99,33.99
DCMSHRIRAM,35.5,35.5
COSMOFIRST,19.28,19.28
HEROMOTOCO,21.76,21.76
GMBREW,10.93,10.93
ITC,28.39,28.38
IOC,12.11,13
OSWALGREEN,134.21,134.21
HUHTAMAKI,5.18,27.72
RICOAUTO,29.45,28.71
BANCOINDIA,14.54,14.54
MANINDS,17.81,17.81
SIYSIL,15.38,15.38
ONWARDTEC,29.44,29.44
NCC,20.31,19.84
ELGIEQUIP,55.8,55.8
BBTC,9.02,8.7
BEPL,16.64,16.64
BANARBEADS,27.88,27.88
S&SPOWER,174.58,174.58
PRAJIND,41.33,44.62
EVERESTIND,135.39,180
PGHH,74.57,74.57
BOMDYEING,1.22,
NAVNETEDUL,3.99,14.7
AGI,22.32,22.32
GLAXO,61.55,55.05
TATACONSUM,75.01,63.51
CHOLAFIN,26.41,26.41
LYKALABS,160.25,158.75
GILLETTE,68.89,68.89
FOSECOIND,39.13,39.31
GABRIEL,28.23,28.23
AMJLAND,15.43,15.43
KOPRAN,21.91,21.91
GODFRYPHLP,45.87,43.42
TATAINVEST,118.57,118.57
SAKHTISUG,4.57,
AKZOINDIA,38.34,38.34
HINDUNILVR,56.31,56.24
FINCABLES,24.88,35.71
DCM,30.61,30.61
HEUBACHIND,41.32,41.32
NAVA,9.51,10.31
REMSONSIND,39.68,40.88
SWARAJENG,23.65,23.65
ANDHRSUGAR,29.96,28.36
AUSOMENT,14.67,14.67
JAYAGROGN,15.1,15.1
SILINV,21.99,21.99
SANGAMIND,48.92,41.7
INDIANCARD,2.06,
SHRIRAMFIN,13.51,13.51
ELECTHERM,3.83,3.83
JAGSNPHARM,57.98,52.47
MPHASIS,33.79,33.79
INDRAMEDCO,25.65,25.65
MADRASFERT,19.04,11.61
AXITA,26.99,26.99
PLAZACABLE,98.44,98.44
SENCO,40.16,40.16
RADHIKAJWE,23.15,23.15
SPLPETRO,31.91,31.91
RAMRAT,40.86,40.86
CSLFINANCE,9.84,9.84
AGNI,189.2,189.2
KORE,75.89,75.68
GOYALALUM,61.93,61.93
RUSTOMJEE,66,66
GENSOL,41.33,41.28
DBOL,78.57,78.57
KANDARP,35.01,35.01
GSLSU,110.39,110.39
SPORTKING,13.31,13.31
MANORAMA,99.4,99.4
ARABIAN,27.87,27.87
INNOVACAP,46.48,46.48
GRMOVER,19.43,19.43
SYNCOMF,57.37,57.34
DJML,54.56,54.56
BAHETI,38.46,38.46
SULA,39.32,39.32
SIGNATURE,324.85,324.85
KRITINUT,13.2,13.2
MEGAFLEX,31.95,31.95
KALAMANDIR,29.03,29.03
AVALON,173.82,173.82
RITEZONE,17.79,17.79
CONCORDBIO,59,59
BAIDFIN,16.37,16.37
QUICKTOUCH,11.11,11.11
AMIABLE,10.69,10.69
DOLLEX,10.21,10.21
BLUEJET,53.55,51.43
MVGJL,13.46,13.46
SCPL,17.82,17.82
SUKHJITS,14.99,14.99
ARHAM,51.09,51.09
MANKIND,47.74,47.74
SKYGOLD,89.06,89.06
ARIHANTACA,26.68,26.68
SATINDLTD,17.2,17.18
DIVGIITTS,51.66,51.66
PRITIKA,77.27,77.27
USK,10.24,10.24
MOTISONS,71.59,72.35
SRIVASAVI,26.06,26.06
DIACABS,267.26,273.94
IKIO,36.08,36.08
MANOMAY,22.16,22.16
FAZE3Q,21.98,21.98
RBMINFRA,70.66,70.66
LLOYDSME,33.57,33.57
AARTIPHARM,25.78,25.78
RHL,39.73,39.73
SAHYADRI,15.39,15.39
NINSYS,48.21,48.21
DUCOL,30.23,30.23
SBFC,29.32,29.32
SBGLP,118.83,118.83
ASMS,304.61,293.39
SHERA,48.09,48.09
VIAZ,30.37,30.37
ZAGGLE,86.42,86.42
GANDHAR,17.56,17.56
MCON,66.82,66.82
HONASA,93.85,93.85
RISHABH,73.55,73.55
IRMENERGY,23.09,23.09
SAH,311.95,311.95
DENEERS,19.82,19.82
CYIENTDLM,72.44,72.44
AGUL,14.34,14.34
AKI,95.25,148.23
YCCL,137.48,137.48
RPTECH,12.25,12.83
RATNAVEER,28.1,28.1
MOS,61.82,61.82
SECMARK,43.43,43.43
AUROIMPEX,16.2,16.2
IDEAFORGE,197.19,197.19
CRAYONS,15.7,15.7
SHRITECH,12.66,12.66
INFINIUM,87.42,87.42
AARTECH,98.13,98.13
POCL,44.31,44.31
TATATECH,60.3,60.3
REMUS,35.24,35.24
REDTAPE,77.11,77.11
PENTAGON,22.06,22.06
CELLPOINT,243.64,243.64
GREENCHEF,35.62,35.62
PTCIL,464.25,464.25
PYRAMID,26.01,26.01
EMSLIMITED,24.01,24.01
EFACTOR,23.74,23.74
GHCLTEXTIL,18.63,18.63
MONOPHARMA,25.15,25.15
UDS,26.66,26.66
SYNOPTICS,16.24,16.24
CLSL,24.04,24.04
KIRLPNU,51.87,50.26
RRKABEL,65.55,65.56
JLHL,52.29,52.74
SAHAJ,19.74,19.74
NUVAMA,27.34,27.34
GLOBALPET,59.4,59.4
SERVICE,39.48,39.48
PRAMARA,29.94,29.94
NIITMTS,26.39,25.87
ZEAL,17.2,17.2
SINDHUTRAD,30.16,30.16
UNIHEALTH,20.22,20.22
ASKAUTOLTD,38.76,38.76
CHAVDA,20.64,20.64
ONDOOR,36.62,36.29
TRANSTEEL,9.15,9.03
OLIL,22.32,22.32
SUNREST,108.37,108.37
SCML,20.36,20.36
MUFIN,105.86,102.79
MAL,8.34,8.34
FLAIR,24.15,24.15
BASILIC,30,30
CELLECOR,48.27,48.27
SRGHFL,19.79,19.79
JIOFIN,161.91,161.91
NEWJAISA,47.42,47.42
GOYALSALT,22.84,22.84
RCDL,18.32,18.32
BLSE,41.26,41.26
HOLMARC,44.49,44.49
MARCO,40.27,40.27
DIAMINESQ,83.84,83.84
MICROPRO,16.24,16.24
INSPIRE,15.5,15.5
EPACK,89.8,89.8
IBLFL,72.8,72.8
INDIASHLTR,22.11,22.11
CELLO,49.62,49.62
CANARYS,41.14,41.14
DIGIDRIVE,27.78,27.78
DOMS,81.45,81.45
MAITREYA,53.88,53.88
DIGIKORE,62.37,62.37
AMNPLST,47.93,47.93
SARTELE,43.48,43.48
SAIFL,29.72,29.72
PARAGON,16.82,16.82
INOXINDIA,55.11,55.11
GRAPHISAD,59.46,59.24
SHEETAL,33.89,33.89
ROXHITECH,11.9,11.9
JYOTICNC,120.25,116.17
BAJEL,229.02,170.2
TECHLABS,125.54,125.54
SIGNPOST,31.18,31.18
ROCKINGDCE,76.91,76.91
BABAFP,15.71,15.71
SHREEOSFM,22.66,22.66
MEGATHERM,27.98,27.98
KLL,18.74,18.74
AZAD,132.28,132.28
KONSTELEC,21.6,21.6
FONEBOX,84.6,84.6
ITALIANE,59.15,59.15
SUPREMEPWR,35.33,35.33
KCEIL,33.48,33.48
ACCENTMIC,15.71,15.71
COMSYN,55.14,55.14
LAWSIKHO,170.12,170.12
DAVANGERE,45.48,45.48
MAXPOSURE,43.67,43.67
DELAPLEX,16.77,16.77
SARDAEN,28.3,28.2
JSWENERGY,64.75,64.75
HINDCOPPER,62.82,62.82
NESTLEIND,66.52,67.84
VASCONEQ,22.23,22.23
PERSISTENT,71.3,71.3
KSL,17.7,17.7
TI,36.58,34.95
BAJAJCON,19.84,19.84
KILITCH,37.4,37.4
BEDMUTHA,19.68,19.68
RESPONIND,36.9,36.9
PENIND,21.76,21.76
KIRLOSENG,30.85,30.96
SUMMITSEC,32.19,29.51
LOVABLE,51.4,51.4
PIIND,38.78,38.78
OMINFRAL,51.13,51.13
DELPHIFX,22.36,22.36
RUSHIL,20.61,20.61
LTF,13.17,13.17
DRREDDY,19.21,19.21
MAHSEAMLES,9.43,9.39
VINDHYATEL,22.04,22.04
PGHL,39.74,38.18
ADORWELD,36.94,33.33
FEDERALBNK,11.7,11.7
SRF,57.69,57.69
RANEHOLDIN,10.29,43.67
SHREYANIND,5.41,5.41
APOLLOHOSP,82.4,82.4
EICHERMOT,33.68,33.68
ZENSARTECH,24.41,24.41
TAINWALCHM,67.37,67.37
IGARASHI,131.78,131.78
HSCL,51.53,51.53
ARENTERP,12.91,12.91
UFLEX,,9.62
THOMASCOOK,31,31
SPMLINFRA,52.3,56.12
SIEMENS,97.13,97.13
VSTIND,21.77,21.77
TOKYOPLAST,132.5,132.5
IFCI,55.2,55.69
SANOFI,33.87,31.53
KABRAEXTRU,42.63,42.63
POLYPLEX,12.08,12.08
PCBL,29.06,29.06
OSWALAGRO,363.95,361.59
JINDALSAW,9.86,9.86
STYRENIX,19.38,19.38
IDBI,12.28,12.28
ELECTCAST,10.02,10.02
KOTAKBANK,15.36,17.69
GOLDENTOBC,9.52,10.8
ANDHRAPAP,9.79,9.79
AARTIIND,34.91,35.16
KSB,67.44,67.44
HEG,57.53,57.53
TIMKEN,63.36,63.36
INGERRAND,53.65,53.65
GSFC,15.05,15.13
DCW,328.29,295.3
BIRLACORPN,26.95,27.52
ASHAPURMIN,12.25,21.99
PEARLPOLY,35.52,35.52
TTKPRESTIG,54.9,54.9
EIMCOELECO,26.98,26.98
SAMBHAAV,33.69,38.05
MOTHERSON,30.49,30.48
AARTIDRUGS,28.02,28.02
TVSSRICHAK,42.42,39.59
DYNAMATECH,51.52,93.97
ALKYLAMINE,58.77,58.77
KOTHARIPET,17.1,17.02
INDNIPPON,21.84,21.84
KCPSUGIND,5.97,7
ATAM,25.92,25.92
LAL,24.89,24.89
DOLPHIN,90.99,93.35
NOVAAGRI,18.31,18.31
NETWEB,155.75,155.75
AEROFLEX,50.49,50.49
VPRPL,27.59,27.59
ATL,24.38,24.23
JSWINFRA,48.79,48.79
YASHO,59.12,59.12
SANDUMA,20.26,20.26
MUFTI,18.9,18.9
MUTHOOTMF,7.83,7.83
TREL,5.15,32.89
HAPPYFORGE,39.05,39.05
NATHBIOGEN,8.23,8.85
SDBL,21.23,21.23
HATSUN,78.41,78.41
SUPERHOUSE,15.6,25.07
PDSL,33.47,34.12
TAJGVK,23.34,23.34
CHENNPETRO,13.33,13.33
KRBL,14.02,14.02
GAEL,16.53,16.53
AXISCADES,41.93,41.73
TIPSMUSIC,73.71,73.71
HIKAL,64.95,64.95
ACLGATI,146.92,
GODREJCP,,60.09
LUPIN,35.08,35.08
BHARTIARTL,85.75,73.32
PONNIERODE,9.24,9.24
SURANAT&P,31.89,31.89
OFSS,40.91,40.91
CANBK,5.32,5.32
OMAXAUTO,6.88,
RADICO,104.44,104.44
BAGFILMS,21.85,21.85
WELSPUNLIV,20.45,20.45
VAIBHAVGBL,36.32,34.71
POONAWALLA,64.74,64.74
EXCELINDUS,25.95,25.95
AMBICAAGAR,8.76,8.76
TEXINFRA,361.02,361.02
WELENT,16.94,16.94
INDOCO,97.25,122.11
JSWSTEEL,43.75,42.27
SAKSOFT,28.66,28.66
WELCORP,21.32,21.1
PRIMESECU,25.95,28.05
GEOJITFSL,17.06,17.06
RML,542.56,315.74
JMFINANCIL,,13
LTFOODS,22.4,22.4
VENUSREM,17.46,17.46
WANBURY,15.06,29.45
IZMO,18.99,18.99
TTL,31.03,81.21
INDIANB,7.61,7.61
JKTYRE,13.14,12.65
NCLIND,13.74,12.54
PHOENIXLTD,38.67,38.65
ZENITHSTL,16,16
TIMETECHNO,22.59,22.59
TARMAT,,148.96
ALPA,12.01,12.02
KPRMILL,37.14,37.14
NAGREEKCAP,1.03,1.03
CCCL,.83,
CERA,35.86,35.86
GLOBUSSPR,41.83,41.83
EXPLEOSOL,20.01,20.01
PGEL,84.37,84.37
TRITURBINE,65.03,65.03
DSSL,26.02,26.02
JISLDVREQS,1.55,1.55
VIKASECO,37.12,37.12
KANANIIND,210.96,210.96
DBSTOCKBRO,17.47,17.47
IRFC,28.02,28.02
RHIM,,42.12
SCHNEIDER,92.85,91.21
TBZ,23.93,23.93
SPECIALITY,25.2,25.2
RTNINDIA,12.08,12.08
THEJO,40.04,40.04
MAYURUNIQ,18.5,18.5
TVSHLTD,10.76,10.76
ZUARI,7.06,7.06
PCJEWELLER,424.7,424.7
INDUSTOWER,11.13,11.13
REPCOHOME,6.87,6.87
ATULAUTO,100.9,100.9
ORIENTCEM,45.31,45.31
SAMMAANCAP,7.92,7.92
MITCON,17.67,17.67
JPOLYINVST,24.9,24.9
AGRITECH,11.91,11.91
IREDA,34.91,34.91
CAPLIPOINT,29.89,29.9
SNOWMAN,120.24,120.24
CIGNITITEC,27.39,26.84
GOODLUCK,20.44,20.44
LAMBODHARA,29.06,29.06
GREENLAM,55.04,55.04
LINC,25.06,25.06
JMA,9.15,9.15
MANAKCOAT,29.97,31.86
IMAGICAA,56.83,47.43
BYKE,58.65,58.65
VRLLOG,55.2,55.2
TPLPLASTEH,35.26,35.26
ALANKIT,22.23,22.23
SYNGENE,72.07,75.66
PKTEA,14.21,14.21
ARVSMART,50.16,50.16
GUJGASLTD,26.72,27.68
PERFECT,66.58,66.58
BALAXI,11.6,12.51
UMANGDAIRY,32.57,32.57
LINCOLN,12.87,12.87
OCCL,9.65,9.65
VIDHIING,63.67,63.67
KELLTONTEC,19.22,19.22
WEALTH,28.14,28.14
INFIBEAM,36.17,36.17
CROMPTON,52.49,52.49
UNITEDPOLY,38.04,38.04
ALBERTDAVD,10.77,10.77
CONTROLPR,21.52,21.54
MOLDTECH,21.89,21.89
QUESS,25.77,25.18
LLOYDSENGG,83.27,83.27
LTIM,37.83,37.83
DBL,21.24,47.85
NDGL,20.2,20.2
BIGBLOC,57.94,57.94
MBAPL,66.67,66.67
CUPID,24.37,24.37
ICICIPRULI,153.16,153.16
HPL,49.17,49.17
AVSL,37.7,35.31
JAIPURKURT,11.97,11.97
SAKAR,54.22,54.22
AURDIS,14.92,14.92
PANSARI,59.49,59.49
ARTNIRMAN,107.15,107.15
GICL,60.21,60.21
VBL,71.45,71.45
PODDARMENT,13.37,13.37
JETFREIGHT,8,11.16
TCIEXP,29.99,29.99
TERASOFT,28.43,28.32
LIBAS,4.75,4.75
CAPTRUST,79.79,79.79
MAHESHWARI,12.83,12.83
MCL,18.11,18.11
PRICOLLTD,33.04,33.04
STEELCITY,9.91,9.91
KRISHANA,29.87,29.87
GLOBAL,12.06,12.06
NITIRAJ,25.87,25.87
SANGINITA,98.8,98.8
AKASH,33.93,33.93
RADIOCITY,69.95,69.95
AIRAN,12.03,12.03
URJA,441.56,441.56
EIFFL,243.51,243.51
CREATIVE,23.91,23.91
DEVIT,21.28,21.28
MKPL,28.62,28.62
INFOBEAN,29.14,29.14
PSPPROJECT,26.67,26.67
JALAN,,37.88
GLOBE,14.34,15.8
CDSL,56.49,56.49
TRANSWIND,25.92,25.92
DYNPRO,44.14,44.14
MAGADSUGAR,9.17,9.17
WEWIN,27.89,27.89
VAISHALI,130.41,130.41
GEEKAYWIRE,12.48,12.48
SERVOTECH,191.39,191.39
APEX,146.43,146.43
CHOLAHLDNG,6.58,6.58
WORTH,11.51,11.51
SBILIFE,71.04,71.04
AARVI,19.28,19.28
TIRUPATI,90.24,90.24
AIROLAM,65.91,65.91
RKEC,11.3,11.3
GOLDSTAR,84.1,84.1
JASH,42.01,42.01
OMFURN,20.53,20.53
DPABHUSHAN,43.46,43.46
TIINDIA,64.99,64.68
NAM-INDIA,32.17,32.17
IFGLEXPOR,35.37,35.37
VERTOZ,63.36,63.36
SILVERTUC,47.97,47.97
ICEMAKE,54.85,54.85
TOUCHWOOD,49.97,49.97
MOKSH,11.86,11.86
BCONCEPTS,67.59,67.59
SOLEX,78.93,78.93
SINTERCOM,365.3,365.3
MHHL,8.68,8.68
SOUTHWEST,35.39,37.31
ARVEE,136.43,136.43
BANKA,63.86,63.9
HINDCON,46.11,46.11
SARVESHWAR,42.23,42.23
MACPOWER,45.51,45.51
SUNDARMHLD,29.74,29.74
HAL,33.11,33.11
MITTAL,34.92,51.3
GIRIRAJ,94.28,94.28
KAPSTON,40.99,40.99
CONTI,22.15,
LEMONTREE,53.86,53.86
AVG,16.56,25.97
MMP,28.96,28.96
NARMADA,30.12,30.12
BSHSL,71.02,71.02
MAHICKRA,43.06,43.06
AAKASH,20.32,20.32
GODHA,39.05,39.05
SOFTTECH,147.08,147.08
E2E,249.56,249.56
INDOSTAR,38.01,38.01
SIRCA,38.28,38.28
SVLL,186.91,186.91
PRITI,21.61,21.61
ACCURACY,21.69,21.69
VARROC,15.26,15.26
GANGAFORGE,138.77,141.19
REPL,24.2,24.2
AVROIND,44.22,44.22
HDFCAMC,41.1,41.1
AARON,42.99,42.99
SUMIT,42.71,42.71
LAGNAM,13.14,13.14
RPPL,20.66,20.66
AKG,46.69,46.69
IRCON,21.53,21.53
AHLADA,8.93,8.93
SPECTRUM,117.57,117.57
RAJMET,27.62,27.62
AAVAS,24.63,24.63
KSHITIJPOL,16.67,42.99
GRSE,41.2,41.2
KRITIKA,28.5,28.5
SILGO,21.57,21.57
VINNY,23.72,23.72
MARINE,82.94,83.23
ATGL,109.05,109.05
SHUBHLAXMI,19.32,19.32
SHRIRAMPPS,4.66,4.66
AWHCL,21.25,21.25
RPSGVENT,62.71,62.71
SURANI,77.22,77.22
OSIAHYPER,18.02,18.02
ANUP,54.18,54.18
PAR,18.12,18.12
KHFM,157.01,157.01
RVNL,67.93,67.93
METROPOLIS,70.72,70.72
KPITTECH,50.58,50.58
NEOGEN,127.96,127.96
PPL,11.87,11.87
INDIAMART,29.12,29.12
WEL,161.63,161.63
CHEMCON,44.5,44.5
SPANDANA,27.58,27.58
DOLATALGO,8.71,8.71
HNDFDS,66.29,66.29
MAZDOCK,32.2,32.2
IRCTC,53.44,53.3
DCI,34.54,34.54
IIFLSEC,13.49,13.49
HPIL,85.1,85.1
FLUOROCHEM,108.07,108.07
KUANTUM,7.7,7.7
CHEMBOND,17.76,18.26
MGEL,14.87,13.77
SBICARD,29.28,29.28
SIGMA,19.27,19.27
CSBBANK,9.68,9.68
EASEMYTRIP,47.73,29.72
ROSSARI,31.27,31.27
PRINCEPIPE,37.14,37.14
LIKHITHA,19.72,19.72
PARKHOTELS,44.21,44.21
PATANJALI,67.11,67.11
SUMICHEM,52.69,52.69
ATALREAL,69.79,69.79
UNIVPHOTO,11.06,11.06
BAFNAPH,459.69,248.74
POWERINDIA,257.71,257.71
KSOLVES,31.39,31.39
RAJRATAN,35.33,35.33
AARTISURF,35.38,50.74
GLAND,40.58,40.58
NDRAUTO,43.26,43.26
MAXHEALTH,91.98,91.98
AAATECH,38.4,38.4
KALYANKJIL,109.69,109.69
BTML,102.93,102.87
UNIDT,33.47,33.47
SIGACHI,25.66,25.66
ANGELONE,17.91,17.91
NIRAJ,21.54,14.46
CAMS,52.8,52.8
SURYODAY,6.5,6.5
UTIAMC,17.47,17.47
BECTORFOOD,70.55,70.55
ORCHPHARMA,62.45,62.45
INDIGOPNTS,50.72,50.72
LXCHEM,51.89,51.89
MTARTECH,124.56,124.56
ANURAS,62.38,62.38
STYLAMIND,27.96,27.79
CLSEL,14.63,14.63
CARYSIL,33.41,33.41
SHAILY,66.46,66.46
MODISONLTD,31.77,31.34
FIBERWEB,11.51,11.51
BCLIND,14.06,14.06
BHAGCHEM,179.24,179.24
SBCL,44.23,44.23
SMCGLOBAL,6.54,6.54
QMSMEDI,20.22,20.22
ARIHANTCAP,12.84,12.84
SIDDHIKA,14.62,14.62
NAZARA,73.14,72.5
IPL,30.14,30.14
GENCON,16.7,16.7
LODHA,57.61,55.04
HLEGLAS,59.96,57.58
SONACOMS,72.97,71.92
UTKARSHBNK,7.35,7.35
DRCSYSTEMS,25.07,25.07
PARAS,89.07,89.07
CRAFTSMAN,40.94,40.94
DODLA,32.33,32.33
JUBLINGREA,60.39,60.35
ROLEXRINGS,33.5,30.15
WALPAR,15.68,15.68
SHYAMMETL,26.54,26.54
KIMS,60.89,60.89
JSFB,5.9,5.9
TATVA,111.83,111.83
CLEAN,53.99,53.99
GLS,30.66,30.66
ABSLAMC,25.13,25.13
DEEPINDS,21.34,21.42
ZOMATO,307.72,307.72
BEWLTD,27.71,27.71
PIXTRANS,24.97,24.97
MEDIASSIST,63.09,63.09
WINDLAS,34.38,34.38
CARTRADE,56.65,56.65
KRSNAA,41.96,41.96
EQUIPPP,2951.47,2951.47
DEVYANI,,788.63
APTUS,23.47,23.47
SUPRIYA,31.11,31.11
ANMOL,11.96,11.96
VIJAYA,78.29,77.42
AMIORG,84.41,84.19
IWEL,80.41,73.94
SANSERA,45.57,45.57
BAJAJHCARE,,32.26
PRITIKAUTO,17.86,17.86
AAREYDRUGS,31.01,31.01
GRINFRA,13.26,16.82
INTLCONV,6.75,6.75
DUGLOBAL,624.8,624.8
REXPIPES,16.87,16.82
STEELCAS,24.61,24.61
HPAL,35.79,35.79
UGROCAP,16.01,16.01
STARHEALTH,31.81,31.81
KPIGREEN,42.75,42.36
YUKEN,55.56,55.56
ANANDRATHI,59.94,59.94
FINOPB,29.98,29.98
NYKAA,884.33,884.33
AWL,44.06,44.06
SAPPHIRE,715.32,384.46
QUADPRO,33.24,33.24
PRUDENT,67.86,67.86
NUVOCO,239.27,239.27
TRACXN,3076.18,3076.18
FUSION,5.41,5.41
COASTCORP,962.13,962.13
MEDPLUS,81.47,81.47
TEGA,66.82,66.82
LATENTVIEW,55.91,55.91
MICEL,36.26,36.26
PASUPTAC,10.67,10.67
PARADEEP,23.97,23.97
MAPMYINDIA,70.06,70.06
KRITI,38.42,38.42
GANESHBE,15.39,15.39
GVPTECH,73.45,73.45
KOTYARK,36.66,36.66
MEDICAMEQ,90.56,90.56
EMIL,34.75,34.75
PRECISION,20.02,20.02
DATAPATTNS,65.68,65.68
COOLCAPS,223.36,223.25
AHL,19.21,19.21
MALLCOM,25.18,25.18
SMLT,37.61,37.61
RADIANTCMS,19.65,19.65
EUROBOND,51.53,51.53
HARIOMPIPE,28.98,28.98
CAPITALSFB,10.89,10.89
EMUDHRA,89.34,89.34
DYCL,40.69,40.69
STARTECK,23.63,23.63
VIRINCHI,32.05,32.05
DHRUV,34.35,34.35
ELIN,61.04,61.04
SHIGAN,43.17,43.17
MADHAVBAUG,50.46,50.46
RELCHEMQ,63.4,63.4
SYRMA,75.98,75.98
ZIMLAB,30.95,30.95
CAMPUS,87.81,87.81
VENUSPIPES,39.45,39.45
AETHER,135.21,68.9
MEGASTAR,62.15,62.15
LANDMARK,76.01,
RACE,126.29,126.29
ETHOSLTD,108.14,108.14
AGSTRA,109.87,109.87
SONUINFRA,14.72,14.72
MSUMI,40.36,40.36
LEMERITE,159.58,159.58
HARSHA,33.37,33.37
KRISHIVAL,65.72,65.72
OBCL,45.37,45.37
LICI,13.68,13.68
INDOAMIN,22.4,22.4
PROPEQUITY,21.84,21.84
INOXGREEN,184.58,184.58
ACI,37.91,33.48
BIKAJI,71.31,71.31
SADHNANIQ,342.62,342.62
VEEKAYEM,42.18,42.18
HARDWYN,121.91,121.91
CHEVIOT,9.16,9.16
MWL,15.52,15.52
MEDICO,60.75,60.75
KFINTECH,55.07,55.07
DCXINDIA,65.06,65.06
KAYNES,146.6,146.6
NGLFINE,27.68,27.68
SABAR,9.55,9.55
SWASTIK,25.94,25.94
USASEEDS,21.47,21.47
ALLETEC,43.7,43.7
ANNAPURNA,44.7,44.7
PHANTOMFX,17.45,17.45
IPSL,39.32,39.32
JIWANRAM,22.74,22.74
FROG,31.59,31.59
ANLON,52.49,52.49
VERTEXPLUS,105.04,105.04
SAHANA,83.43,83.43
HOMESFY,18.58,18.16
AGARWALFT,43.48,43.48
QFIL,17.78,17.78
NIRMAN,45.21,45.21
SYSTANGO,19.72,19.72
SPECTSTM,36.88,36.88
INFOLLION,42.63,42.63
KRISHCA,34.15,34.15
TRIDHYA,14.53,14.53
PROV,56.35,56.35
MAGSON,36.18,36.18
DENTALKART,66.77,66.77
COMMITTED,13.23,13.23
DRONE,61.9,61.9
KEL,47.23,47.23
VINSYS,23.23,23.23
SAROJA,24.72,24.72
ORIANA,87.49,87.49
BAWEJA,36.19,36.19
PLADAINFO,10.42,10.42
KODYTECH,130.9,130.9
SAAKSHI,65.03,65.03
HIGREEN,64.18,64.18
MADHUSUDAN,22.42,22.42
WOMANCART,43.2,43.2
SHANTHALA,60.44,60.44
VISHNUINFR,24.21,24.21
EMKAYTOOLS,13.49,13.49
KKVAPOW,145.42,145.42
JETKNIT,92.83,92.83
PROLIFE,14.35,14.35
ACCORD,60.23,60.23
PASHUPATI,208.81,208.81
BETA,47.24,47.24
INNOVANA,21.53,21.53
MDL,48.05,46.72
PARIN,183.38,183.38
DRSDILIP,41.1,41.1
PARTYCRUS,16.31,16.31
NPST,588.86,588.86
MAKS,113.24,57.54
BMETRICS,22.44,22.44
DKEGL,13.35,13.35
DESTINY,68.12,68.12
JSLL,53.12,53.12
NIDAN,,20.2
TIMESCAN,13.86,13.86
GSTL,71.71,71.71
KNAGRI,19.93,19.93
KCK,212.96,212.96
AMEYA,28.5,28.5
SKP,62.12,62.12
ARISTO,26.27,26.27
FIDEL,30.49,30.49
APTECHT,49.87,43.53
UNIONBANK,5.79,5.79
GENESYS,59.9,59.9
DIVISLAB,83.43,83.43
MARUTI,25.21,25.21
JSL,23.29,23.27
JAIBALAJI,20.12,20.12
TVTODAY,11.27,10.91
UNIENTER,26.42,26.42
PETRONET,12.19,12.19
BIOCON,21.04,21.72
MAHABANK,7.92,7.92
RKFORGE,45.13,45.04
CCL,33.99,33.99
LT,30.21,30.34
KALYANIFRG,27,27
HITECHCORP,23.6,24.39
BRIGADE,57.01,57.01
DVL,37.53,37.53
PATINTLOG,22.98,22.98
ARIES,13.31,13.31
AMBIKCO,12.94,12.94
CEATLTD,20.58,19.13
RPOWER,13.33,
JKIL,14.63,14.63
KNRCON,7.06,6.98
IRB,31.19,31.19
NMDC,10.82,10.46
NAHARCAP,12.84,12.84
VGUARD,60.1,60.1
DPSCLTD,94.67,94.67
BAJAJ-AUTO,33.55,33.55
RPGLIFE,50.6,45.57
RBL,15.8,15.48
RANEENGINE,17.18,14.52
UBL,103.67,103.67
JOCIL,98.4,98.4
COUNCODOS,71.6,71.6
MAWANASUG,9.75,9.75
AJMERA,24.33,24.33
GKWLIMITED,152.04,152.04
VINATIORGA,52.17,52.17
ADANIPOWER,16.63,16.63
OIL,9.47,9.47
RTNPOWER,.69,
ZYDUSWELL,37.24,37.94
DEN,9.38,9.38
REFEX,58.19,58.2
DLINKINDIA,18.73,18.73
DBCORP,11.64,11.64
MMTC,90.9,87.13
TRF,17.16,17.16
MBLINFRA,3.23,
JUBLFOOD,105.74,178.71
DBREALTY,6.14,6.53
LGBBROSLTD,13.83,14.38
ISFT,18.15,18.15
KIRLOSBROS,39.17,39.29
MONTECARLO,26.5,26.5
APOLSINHOT,51.46,51.46
GRPLTD,66.13,61.24
MOLDTKPAC,35.63,35.63
GANECOS,66.22,66.22
HESTERBIO,93.2,93.2
MANAKALUCO,34.53,34.53
ZENTEC,72.77,73.43
LFIC,5.3,5.3
AVANTIFEED,18.49,18.49
PRIVISCL,50.42,50.42
NILAINFRA,24.05,24.05
SKIPPER,49.65,49.65
ORICONENT,69.69,45.16
ADANIENSOL,342.32,54.52
MUTHOOTCAP,12.14,12.14
POWERMECH,29.03,28.98
TTKHLTCARE,25.15,31.07
LALPATHLAB,60.79,60.79
PRECAM,58.82,83.94
NECCLTD,26.39,26.39
KDDL,23.09,23.07
HECPROJECT,22.87,22.87
THYROCARE,48.4,48.33
ASPINWALL,13.18,13.18
MAHASTEEL,99.86,138.48
ARIHANTSUP,24.28,24.28
SHANKARA,19.14,19.14
WIPL,54.28,54.28
SIKKO,26.5,26.5
STARCEMENT,38.51,38.51
GTPL,23.46,23.46
ACEINTEG,49.04,49.04
AVADHSUGAR,13.23,13.23
TOTAL,702.84,702.84
OPTIEMUS,91.16,91.16
ABCAPITAL,13.99,13.99
MATRIMONY,29.09,29.09
DPWIRES,18.58,18.58
DIAMONDYD,63.73,78.49
GATECHDVR,7.05,7.05
IEX,38.06,38.06
ZODIAC,60.2,60.2
DNAMEDIA,.43,
ONEPOINT,56.97,56.97
AJOONI,56.91,56.91
SILLYMONKS,70.31,70.31
GALAXYSURF,31.33,31.33
ASTERDM,47.53,47.53
BBTCL,29.2,29.2
IRISDOREME,43.98,43.98
UNIPARTS,19.09,19.09
MSTCLTD,19.73,19.59
ARVINDFASN,56.64,54.75
POLYCAB,52.38,52.38
EMAMIPAP,7,7
CONFIPET,30.74,30.74
OAL,48.3,48.3
SATIA,5.44,5.44
AFFLE,62.15,62.15
WESTLIFE,523,523
UJJIVANSFB,5.67,5.67
SAFARI,70.2,70.2
360ONE,42.68,39.95
SAMHI,,148.08
GREENPANEL,42.46,42.46
APOLLOPIPE,58.83,58.83
ROUTE,22.59,23.72
HOMEFIRST,26.71,26.71
EQUITASBNK,15.94,15.94
HINDWAREAP,883.87,883.87
ESAFSFB,4.43,4.43
ARTEMISMED,66.36,66.36
LGHL,52.58,55.48
ASALCBR,26.82,26.82
SUVENPHAR,132.31,132.31
STOVEKRAFT,70,70
HAPPSTMNDS,49.19,51.39
BOROLTD,69.47,69.47
PAVNAIND,66.74,66.74
SHAREINDIA,12.92,12.9
ADL,190.41,190.41
ROML,50.71,50.71
RAILTEL,46.15,43.86
HERANBA,27.47,27.47
FAIRCHEMOR,27.19,27.19
ISGEC,30.49,30.49
PAKKA,26.29,26.29
SGIL,44.34,44.34
SJS,33.83,33.83
POLICYBZR,355.2,425.81
MONARCH,19.35,19.35
EPIGRAL,28.19,28.19
GOCOLORS,72.75,72.75
CMSINFO,22.2,22.2
TARSONS,61.54,61.54
RATEGAIN,44.96,44.96
METROBRAND,73.73,73.73
FOODSIN,30.37,30.37
ABMINTLLTD,950.07,950.07
TMB,6.11,6.11
MANYAVAR,80.05,80.05
DMCC,54.35,54.35
SHIVALIK,50.76,50.76
MEDANTA,57.49,57.49
ASIANENE,38.6,36.79
NRL,68.27,68.27
CHOICEIN,63.94,63.94
GRWRHITECH,34.99,34.99
DCMSRIND,12.86,12.86
RAJRILTD,5052.14,5052.14
FIVESTAR,19.33,19.33
SBC,51.01,51.01
ELDEHSG,24.06,24.06
MHLXMIRU,12.34,12.34
GATEWAY,18.42,18.42
JTLIND,60.32,60.32
RAINBOW,69.9,69.9
ROTO,40.82,40.82
INDOBORAX,13.42,13.42
AVONMORE,12.01,12.01
DREAMFOLKS,31,31
DHARMAJ,24.82,24.82
GMRP&UI,3.78,
TVSSCS,232.4,130.88
FEDFINA,13.87,13.87
RITCO,30.65,30.65
SURAJEST,31.64,31.64
HMAAGRO,20.28,20.28
YATHARTH,38.88,38.88
YATRA,97.57,97.57
APARINDS,41.28,41.28
NIITLTD,50.24,50.24
TCS,31.51,31.04
INDSWFTLTD,2.71,2.71
NTPC,17.69,17.69
JBMA,83.83,83.83
PATELENG,12.77,15.74
JINDALPHOT,51.07,51.07
EVEREADY,35.19,35.19
MANGALAM,24.77,24.77
SSWL,4.64,13.89
CYBERMEDIA,22.39,32.95
JKPAPER,8.82,8.82
GRANULES,26.49,26.49
GENUSPOWER,74.89,74.89
SPLIL,13.44,13.43
GOLDIAM,35.34,35.34
FCSSOFT,,57.27
SUZLON,76.8,74.71
TRIVENI,27.06,27.06
NAHARINDUS,35.46,31.59
EKC,18.02,17.69
ROHLTD,18.75,18.75
GSPL,9.5,9.7
JAGRAN,11.49,11.49
SAKUMA,15.03,15.03
JKCEMENT,37.24,42.66
INDOTECH,43.79,43.79
M&MFIN,15.06,15.06
CENTURYPLY,77.39,75.2
KEI,56.26,56.24
VAKRANGEE,395.15,412.85
GALLANTT,22.87,22.87
UTTAMSUGAR,10.31,10.31
KKCL,22.65,22.65
GPIL,13.93,13.94
LOKESHMACH,45.21,45.21
SWELECTES,27.71,62.54
KAMDHENU,22.04,22.04
PIONEEREMB,41.91,41.91
JKLAKSHMI,22.77,23.17
MUNJALAU,30.82,18.4
GRINDWELL,61.77,61.73
VOLTAMP,40.92,40.92
SELAN,21.83,21.83
ACE,40,40
HOVS,28.93,28.93
BINANIIND,30.02,
TALBROAUTO,17.83,25.37
GEECEE,15.98,15.98
GESHIP,5.47,5.47
MANALIPETC,61.17,53.22
RUCHIRA,7.74,7.74
JINDRILL,20.08,20.08
NFL,19.62,19.62
PARACABLES,20.78,20.78
AVTNPL,26.21,26.21
LUMAXTECH,17.1,17.1
PTL,20.35,20.35
GANDHITUBE,16.96,16.96
PGIL,22.16,22.23
REDINGTON,12.42,12.42
TFL,85.84,85.84
SMSPHARMA,37.85,37.85
AMDIND,89.63,89.63
NAHARPOLY,132.3,132.3
THEMISMED,71.89,71.89
BANSWRAS,21.28,21.28
AROGRANITE,48.84,48.84
FORTIS,67.81,64.15
WEBELSOLAR,,95.43
HILTON,31.36,31.36
NAVINFLUOR,62.69,76.39
NAGREEKEXP,17.85,17.85
V2RETAIL,91.31,91.31
DLF,77.55,77.55
MOTILALOFS,15.84,15.84
MAGNUM,29.55,59.2
POWERGRID,18.76,18.76
MANGCHEFER,15.52,15.52
MAANALU,29.14,29.14
BAJAJELEC,86.3,86.3
RELIGARE,25.56,62
KAUSHALYA,2.77,2.77
JYOTHYLAB,42.62,42.62
SAREGAMA,48.71,48.71
FDC,25.5,25.5
ENGINERSIN,36.22,36.22
GMDCLTD,16.51,16.51
INDUSINDBK,9.91,9.91
TRIGYN,67.88,57.41
J&KBANK,5.2,5.2
CUB,11.95,11.95
ASTRAZEN,185.91,97.6
AXISBANK,12.6,12.6
SONATSOFTW,58.25,4.51
KOKUYOCMLN,36.39,36.39
DHANBANK,32.55,32.55
SANGHVIMOV,17.52,17.52
IVC,65.52,65.52
JINDALSTEL,17.31,17.31
NIPPOBATRY,2.7,2.7
HCLTECH,30.05,30.05
ACCELYA,23.43,23.49
IOB,31.47,31.47
BIL,57.04,57.04
KTKBANK,5.78,5.78
AJANTPHARM,40.33,40.33
CALSOFT,46.58,46.58
TVSMOTOR,55.21,55.21
PNC,62.46,62.46
NLCINDIA,17.1,17.1
HAVELLS,71.77,71.77
BALAJITELE,90.37,90.37
MRO-TEK,28.35,28.35
KHANDSE,68.34,68.34
MARKSANS,39.87,39.87
SMARTLINK,25.65,25.65
JISLJALEQS,110.26,110.26
MPSLTD,29.83,29.83
ASAL,48.89,48.89
PNB,8.56,8.56
DATAMATICS,17.71,17.46
ULTRACEMCO,47.61,47.42
GUFICBIO,50.8,50.8
KOTARISUG,32.2,32.2
SUPRAJIT,43.77,43.77
JPPOWER,8.78,6.8
IIFL,14.61,7.61
JSWHL,112.71,112.71
MSPL,67.75,67.79
SASKEN,44.32,44.32
DCBBANK,6.27,6.27
TORNTPOWER,34.18,34.18
HIRECT,80.64,66.62
TANLA,17.95,17.95
SARLAPOLY,12.64,12.64
PITTIENG,46.4,46.4
CTE,246.23,246.23
ORIENTBELL,1468.13,1468.13
PFC,6.92,6.92
LAOPALA,29.59,29.59
ICRA,40.68,40.68
SRHHYPOLTD,14.98,13.49
KMSUGAR,13.52,13.52
NELCAST,19.25,30.51
MEGASOFT,220.54,220.54
CENTRALBK,13.49,13.49
PURVA,131.95,131.95
CENTUM,,445.08
DELTACORP,20.24,27.24
BVCL,16.05,16.05
EDELWEISS,16.67,16.67
SUNTECK,48.35,48.35
TDPOWERSYS,46.71,46.71
APLLTD,31.04,31.53
VASWANI,16.44,16.44
PANAMAPET,9.86,9.86
PAISALO,20.26,20.3
ONELIFECAP,13.85,13.85
SHAKTIPUMP,26.66,26.66
POLYMED,91.9,91.9
RUPA,26.02,25.09
APLAPOLLO,71.33,71.33
MINDACORP,44.94,44.94
THOMASCOTT,23.03,23.03
COMPUSOFT,140.32,140.32
NBCC,54.43,41.91
VSSL,19.34,19.34
SWANENERGY,22.4,22.4
KITEX,39.28,39.28
DUCON,25.31,25.31
VETO,13.82,13.82
CARERATING,35.78,35.78
JUSTDIAL,17.94,17.94
PILITA,64.85,64.85
SREEL,21.59,21.59
CASTROLIND,20.96,20.96
AGARIND,12.81,12.81
GOCLCORP,30.67,29.97
SHARDACROP,30.94,30.94
INTELLECT,35.12,35.14
FCL,31.83,31.83
GULPOLY,51.41,51.41
GENUSPAPER,72.9,72.9
VISHNU,27.62,27.62
MENONBE,9.36,9.36
MANAKSTEEL,32.29,33
INOXWIND,136.11,126.2
VIPULLTD,1.45,1.43
UFO,101.57,101.57
ARROWGREEN,24.87,24.87
PNCINFRA,6.4,6.4
BALKRISHNA,,16.05
AYMSYNTEX,48.28,76.56
RAMASTEEL,66.22,66.22
SATIN,4.23,4.23
SHARDAMOTR,18.12,18.12
IDFCFIRSTB,20.08,20.08
INDIGO,22.41,22.41
LUXIND,35.15,35.15
SALZERELEC,25.09,25.09
KRIDHANINF,,56.59
ALKEM,30.83,30.1
TEAMLEASE,44.02,45.46
QUICKHEAL,95.89,95.89
BHAGERIA,33.09,33.09
GOKULAGRO,21.94,21.94
PDMJEPAPER,9.51,9.51
HCG,104.92,110.05
SAGARDEEP,45.51,45.51
SHRIPISTON,18.5,18.5
BLS,36.01,36.01
NAGAFERT,.27,.27
PREMEXPLN,94.09,94.09
DAMODARIND,39.6,39.6
MGL,11.5,11.5
POKARNA,27.71,27.71
GPTINFRA,25.46,25.46
GROBTEA,6.86,6.86
MINDTECK,30.24,28.66
ADVENZYMES,30.01,28
SPAL,23.78,23.78
RBLBANK,7.75,7.75
LTTS,41.74,41.74
GNA,17.56,17.56
MARATHON,18.98,18.98
ENDURANCE,43.85,43.85
MAZDA,18.46,18.46
PNBHOUSING,14.3,14.3
KINGFA,26.17,26.17
NBIFIN,149.38,149.38
SFL,55.5,86.99
LAURUSLABS,197.05,197.05
ITDC,78.84,78.76
HISARMETAL,20.09,20.09
SPCENET,119.21,119.21
BHANDARI,24.29,24.29
BSE,82.71,82.71
KALYANI,5.33,5.33
JITFINFRA,26.47,34.35
DMART,91.06,91.06
NRAIL,9.65,9.65
SCHAND,19.24,19.24
BHAGYANGR,33.79,33.79
TEJASNET,46.76,46.76
AUBANK,22.92,22.16
STEELXIND,48.02,48.02
THEINVEST,30.34,30.34
SIS,40.01,40.01
SMSLIFE,20.31,20.31
CAPACITE,19.09,19.09
GODREJAGRO,41.57,41.57
MASFIN,18.22,18.22
NIACL,20.91,20.91
5PAISA,23.8,23.8
MANAPPURAM,5.9,5.9
UMESLTD,119.12,119.12
HMVL,26.6,26.6
AHLEAST,10.83,10.83
UGARSUGAR,44.01,44.01
ADFFOODS,38.99,38.99
WELINV,87.57,87.57
ORISSAMINE,285.15,285.15
CAREERP,13.75,13.75
GREENPOWER,77.75,81.66
WABAG,39.61,39.39
PRESTIGE,69.4,69.4
CGCL,36.6,36.6
IOLCP,18.32,18.32
RPPINFRA,9.58,9.58
JAMNAAUTO,20.54,20.54
ZEELEARN,1.62,7.07
PSB,47.34,47.34
KICL,36.91,48.59
STEL,56.73,56.73
TEXRAIL,47.57,47.57
PFS,16.61,16.61
SYMPHONY,42.03,42.03
RELAXO,94.02,94.02
ASHIANA,45.63,45.63
INVENTURE,15.55,13.43
ASAHISONG,67.56,65.95
PENINLAND,22.11,23.06
WHEELS,18.72,18.72
PREMIERPOL,27.34,27.34
SESHAPAPER,10.28,10.28
FACT,,498.9
EXIDEIND,42.21,42.21
ELECON,35.19,35.19
CRISIL,57.56,57.56
PEL,,44.42
MASTEK,24.97,25.53
MAHSCOOTER,70.74,73.75
TRENT,137.83,199.75
CUMMINSIND,54.61,54.56
JAYBARMARU,37.67,37.67
JBCHEPHARM,43.6,43.6
INDIAGLYCO,20.98,20.98
IGPL,30.39,30.39
HIMATSEIDE,18.24,18.24
BPCL,11.26,10.87
BASF,42.18,42.84
ATUL,57.42,57.42
ACC,20.28,22.95
SCI,9.85,9.85
MRPL,30.24,30
HINDPETRO,20.83,20.83
BAJAJHLDNG,78.48,78.48
VOLTAS,81.19,81.19
TITAN,87.29,87.29
TATASTEEL,67.43,58.19
SPIC,16.17,11.28
SBIN,9.9,9.23
RELIANCE,21.95,21.95
BOSCHLTD,47.01,49.02
CHAMBLFERT,13.19,13.19
HINDOILEXP,12.16,14.37
DICIND,,51.04
RAMCOCEM,76.2,76.2
BEML,55.59,55.59
TATACHEM,,43.17
VTL,17.81,17.81
VLSFINANCE,4.45,4.45
BIRLACABLE,84.01,84.01
BALRAMCHIN,27.43,27.43
UNICHEMLAB,,108.7
PRECOT,15.71,19.57
TATAELXSI,48.93,48.93
SANDESH,5.62,5.63
ASHIMASYN,5.84,5.84
BALKRISIND,31.48,31.48
RAJSREESUG,17.25,17.25
BERGEPAINT,52.08,52.13
BANARISUG,29.1,29.1
JYOTISTRUC,100.84,100.84
BLUEDART,62.4,62.4
APCOTEXIND,38.13,38.13
SOTL,19.58,19.58
KARURVYSYA,9.46,9.46
DECCANCE,47.64,27.93
WSI,17.89,17.04
ADVANIHOTR,25.65,25.65
SUBROS,31.42,31.42
SIMPLEXINF,20.82,20.82
WIPRO,25.13,25.13
UNIVCABLES,46.61,46.61
TATACOMM,54.71,66.2
MURUDCERA,39.43,39.43
LIBERTSHOE,78.6,54.29
HEIDELBERG,37.45,37.45
MANGLMCEM,36.47,36.47
PIDILITIND,78.73,76.74
EIHAHOTELS,28.25,27.13
SAIL,23.24,16.13
RUBYMILLS,15.76,15.76
ABB,85.4,85.4
BRITANNIA,56.86,56.32
DHAMPURSUG,16.09,16.09
CIPLA,27.11,26.23
HDFCBANK,18.27,18.01
GIPCL,13.36,13.36
INDIANHUME,21.21,21.21
HINDCOMPOS,20.78,20.78
KAMATHOTEL,10.92,34.35
IFBAGRO,207.23,207.23
APOLLOTYRE,17.83,16.91
SHANTIGEAR,42.87,42.87
PRECWIRE,37.09,37.09
NILKAMAL,25.91,25.91
ICIL,21.39,21.39
SEAMECLTD,20.03,21.11
AUROPHARMA,20.16,19.8
EIHOTEL,33.21,32.71
LICHSGFIN,6.84,6.84
GICHSGFIN,6.62,6.62
MOREPENLAB,31.41,31.41
WSTCSTPAPR,5.62,5.62
21STCENMGM,1.98,1.98
VENKEYS,22.24,22.24
GHCL,10.26,10.26
HIL,87.38,36.91
BPL,26.99,26.99
VESUVIUS,41.07,41.07
TFCILTD,13.76,13.76
GTL,1.16,3.54
ZEEL,27.57,24.82
INDHOTEL,62.04,73.65
FMGOETZE,15.41,15.41
ORIENTHOT,70.37,70.37
KANSAINER,34.7,34.7
3MINDIA,62.74,62.74
SCHAEFFLER,58.28,58.06
RALLIS,40.06,40.06
MFSL,99.25,99.25
GREAVESCOT,208.43,
SURYAROSNI,19.62,19.62
SUDARSCHEM,47.93,46.19
IPCALAB,67.94,73.68
HINDZINC,23.49,23.32
GRASIM,17.36,16.69
AMBUJACEM,34.81,35.64
EIDPARRY,8.81,8.81
CESC,15.7,15.7
BHEL,458.97,458.97
BAJFINANCE,26.43,26.43
TNPL,11.08,11.08
AUTOAXLES,17.14,17.14
DALMIASUG,12.24,12.24
KHAITANLTD,9.82,9.82
MRF,26.24,26.24
TNPETRO,19.11,15.95
STARPAPER,5.23,5.1
MARICO,47.94,47.94
BIOFILCHEM,159.09,159.09
SUNDRMBRAK,45.78,45.78
SOMATEX,1.66,145.22
STERTOOLS,29.8,30.01
HITECHGEAR,26.09,26.04
DENORA,33.65,33.65
MIRZAINT,44.27,44.27
GUJAPOLLO,28.02,28.02
MMFL,15.85,15.91
JCHAC,186.93,121.69
RUCHINFRA,162.78,162.78
RAMCOIND,29.48,29.48
HERITGFOOD,25.38,25
GAIL,12.72,12.72
SKMEGGPROD,9.78,9.78
CONCOR,38.36,37.58
ICICIBANK,17.87,17.87
HUDCO,16.39,16.39
UNITEDTEA,12.46,12.46
EMMBI,23.27,23.27
TEXMOPIPES,70.07,16.18
KIRLOSIND,14.17,12.68
IMFA,9.75,9.75
GPPL,23.73,21.86
DEEPAKNTR,39.89,42.94
CANTABIL,30.01,30.61
OBEROIRLTY,30.3,30.3
GRAVITA,55.02,55.02
MOIL,17.52,17.52
HFCL,46.46,46.46
MUTHOOTFIN,15.39,15.39
DHANUKA,25.66,25.66
BODALCHEM,296.92,296.92
NOCIL,30.1,30.1
DEEPAKFERT,22.51,22.51
COROMANDEL,35.25,35.25
ASIANPAINT,52.78,51.3
TORNTPHARM,58.53,61.01
HONAUT,70.36,70.36
SUNPHARMA,38.33,37.8
HCC,12.54,
IVP,17.93,17.93
NEULANDLAB,67.28,71.3
JINDALPOLY,23.69,104.81
NKIND,456.34,456.34
MUNJALSHOW,18.64,18.64
RANASUG,20.12,20.12
CANFINHOME,13.24,13.24
DABUR,51.43,51.43
ESABINDIA,54.17,54.17
PRAKASH,8.73,8.73
SHREECEM,50.08,50.08
HINDALCO,11.28,10.76
FINPIPE,21.01,36.44
CGPOWER,118.17,117.34
BEL,45.75,45.75
GREENPLY,32.55,35.55
NATCOPHARM,12.59,12.59
GARFIBRES,35.83,35.83
SKFINDIA,43.06,43.06
CUBEXTUB,32.66,32.66
KEYFINSERV,6.51,6.51
CREST,13.75,13.75
WENDT,73.62,73.62
PUNJABCHEM,31.22,31.22
GANESHHOUC,17.88,17.88
GUJRAFFIA,35.33,35.33
BANKBARODA,6.35,6.35
BANKINDIA,6.33,6.33
ORBTEXP,12.78,12.78
WONDERLA,34.32,34.32
GULFOILLUB,16.06,16.06
VARDHACRLC,25.16,25.16
MUKANDLTD,19.02,19.02
SHALBY,43.57,43.57
SHIVATEX,156.68,156.68
APOLLO,61.28,61.28
AMBER,100.39,100.39
GMMPFAUDLR,55.49,55.49
HGINFRA,14.6,14.92
BDL,62.09,62.09
BANDHANBNK,9.54,9.54
SANDHAR,23.63,24.45
ISEC,13.28,13.28
MIDHANI,65.58,65.58
CHEMFAB,107.71,107.71
ORIENTELEC,77.9,77.9
ADANIGREEN,183.3,146.36
GAYAHWS,,2.38
FINEORG,32.72,32.69
RITES,29.83,29.89
HBSL,2.86,2.86
CREDITACC,10.72,10.72
SIGIND,15.98,15.98
TECHNOE,51.45,51.45
CHALET,237.5,237.5
SHREEPUSHK,18.37,18.37
SHK,387.7,24.42
PILANIINVS,39.08,39.08
NH,33.02,33.02
HITECH,54.7,54.7
SEQUENT,346.11,
BHARATWIRE,17.17,17.17
PARAGMILK,24.07,24.07
ARMANFIN,9.77,9.77
SALONA,22.75,22.75
TASTYBITE,182.08,182.08
CLEDUCATE,44.81,48.83
DOLLAR,30.63,30.66
ERIS,49.31,49.31
SALASAR,53.08,53.08
GANGESSECU,37.4,37.4
COCHINSHIP,40,40
DIXON,120.49,159.1
ICICIGI,84.31,84.31
TCPLPACK,24.55,24.55
GICRE,8.41,8.41
KHADIM,117.57,117.57
HDFCLIFE,87.21,87.21
NEWGEN,57.71,57.71
DALBHARAT,41.78,36.98
