Symbol,Security,From Series,To Series,Change Date,Remarks
ADROITINFO,ADROIT INFOTECH LIMITED,EQ,BE,14-NOV-2024,"-"
ADROITPP1,ADROIT INFOTECH LIMITED,E1,X1,14-NOV-2024,"-"
AKANKSHA,AKANKSHA POWER AND INFRASTRUCTURE LIMITED,SM,ST,14-NOV-2024,"-"
AUSOMENT,AUSOM ENTERPRISE LIMITED,EQ,BE,14-NOV-2024,"-"
BYKE,THE BYKE HOSPITALITY LTD,EQ,BE,14-NOV-2024,"-"
CCHHL,COUNTRY CLUB HOSPITALITY & HOLIDAYS LIMITED,EQ,BE,14-NOV-2024,"-"
CMMIPL,CMM INFRAPROJECTS LIMITED,ST,SM,14-NOV-2024,"-"
DECCANTRAN,DECCAN TRANSCON LEASING LIMITED,SM,ST,14-NOV-2024,"-"
ELECTHERM,ELECTROTHERM (INDIA) LIMITED,EQ,BE,14-NOV-2024,"-"
EXCEL,EXCEL REALTY N INFRA LIMITED,EQ,BE,14-NOV-2024,"-"
GANGAFORGE,GANGA FORGING LIMITED,EQ,BE,14-NOV-2024,"-"
GAYAHWS,GAYATRI HIGHWAYS LIMITED,EQ,BE,14-NOV-2024,"GSM STAGE - II"
GODHA,GODHA CABCON & INSULATION LIMITED,EQ,BE,14-NOV-2024,"-"
JFLLIFE,JFL LIFE SCIENCES LIMITED,SM,ST,14-NOV-2024,"-"
KKVAPOW,KKV AGRO POWERS LIMITED,SM,ST,14-NOV-2024,"-"
NOIDATOLL,NOIDA TOLL BRIDGE COMPANY LIMITED,EQ,BE,14-NOV-2024,"-"
PANSARI,PANSARI DEVELOPERS LIMITED,EQ,BE,14-NOV-2024,"-"
SIGNORIA,SIGNORIA CREATION LIMITED,SM,ST,14-NOV-2024,"-"
TECHERA,TECHERA ENGINEERING (INDIA) LIMITED,SM,ST,14-NOV-2024,"-"
TVSHLTD,TVS HOLDINGS LIMITED,BE,EQ,14-NOV-2024,"-"
VIJIFIN,VIJI FINANCE LIMITED,EQ,BE,14-NOV-2024,"-"
YUDIZ,YUDIZ SOLUTIONS LIMITED,SM,ST,14-NOV-2024,"-"
