"Security Name","Symbol Name","Trade Date","Quantity"
"BHARTI AIRTEL LIMITED","BHARTIARTL","13-Nov-2024","12"
"SUN PHARMACEUTICALS IND.","SUNPHARMA","13-Nov-2024","5"
"DEEPAK NITRITE LIMITED","DEEPAKNTR","13-Nov-2024","3900"
"LARSEN & TOUBRO LTD.","LT","13-Nov-2024","2"
"MARUTI SUZUKI INDIA LTD.","MARUTI","13-Nov-2024","1800"
"VEDANTA LIMITED","VEDL","13-Nov-2024","110"
"INFOSYS TECHNOLOGIES LTD","INFY","13-Nov-2024","65"
"TATA STEEL LIMITED","TATASTEEL","13-Nov-2024","517"
"MAHINDRA & MAHINDRA FINANCIAL SERVICES LIMITED","M&MFIN","13-Nov-2024","64000"
"ZYDUS LIFESCIENCES","ZYDUSLIFE","13-Nov-2024","41"
"BIRLASOFT LIMITED","BSOFT","13-Nov-2024","63"
"ICICI BANK LTD.","ICICIBANK","13-Nov-2024","13"
"NMDC LTD.","NMDC","13-Nov-2024","100"
"TRENT LIMITED","TRENT","13-Nov-2024","100"
"COFORGE LIMITED","COFORGE","13-Nov-2024","15"
"HCL TECHNOLOGIES LTD","HCLTECH","13-Nov-2024","569"
"STATE BANK OF INDIA","SBIN","13-Nov-2024","1619"
"COROMANDEL INTERNTL. LTD ","COROMANDEL","13-Nov-2024","113"
"BANK OF BARODA","BANKBARODA","13-Nov-2024","26"
"PIRAMAL ENTERPRISES LTD","PEL","13-Nov-2024","7"
"BAJAJ FINANCE LIMITED","BAJFINANCE","13-Nov-2024","5"
